user_id,level,fully_ascended,num_atlas_passives_allocated
8fb9718e-47dc-4e3b-9da0-de34fe8b45e7,94,TRUE,122
aa0766f0-0785-4b89-afd2-9a6e6e2f24e7,2,FALSE,0
57125228-9c40-40cf-b199-5cbbf1b71191,69,FALSE,1
5c45690f-c530-434d-bc74-e8b74ea292f6,100,TRUE,117
79c71021-efa8-4866-b2f3-2d1fa67494a8,96,TRUE,116
48150b53-86e2-4cf7-a7f9-f737557f3ef5,83,FALSE,48
a41825f6-d3c2-4198-8f96-4bbfb9720b87,80,FALSE,35
d30a5cf3-c5ba-4039-800d-3fd47d72dbff,98,TRUE,103
beb530e3-fb89-4b0a-ac4a-ebd0a1980ebf,92,TRUE,79
d37f3b38-11c5-4b4d-8005-eac0e4ca34d0,90,TRUE,90
7af06093-3559-42eb-b004-29aed5b7a6b4,83,FALSE,30
519f7a6a-3447-4dfd-afd1-c5f97c004696,81,FALSE,13
9a14f909-217e-4e76-9024-e4d4f587a300,34,FALSE,0
4e487af5-8811-40ef-b87b-44b4d99a55b7,22,FALSE,0
008820e7-237b-48c3-b271-5f117f1ef617,81,TRUE,45
53e2096d-e86e-444c-a967-555fcb6b1438,67,FALSE,0
6a0debbe-8d60-4764-9689-0d7a434dddbd,97,TRUE,110
b22a406a-1237-482e-84bc-a18e954c4497,95,TRUE,120
83ba3475-9ffc-40df-847b-579a489f6d21,72,FALSE,3
9f630dbf-2ff4-412a-9eef-d16d659372c2,87,TRUE,56
ecfab4f2-719d-480a-a02e-73a54bb100a2,39,FALSE,0
a2d994e2-1ac2-4ff5-ae54-8508adec50e3,13,FALSE,0
01532aa4-ad14-435b-a960-53542e3dde5e,69,FALSE,1
58ceb561-ba01-452e-9318-a95b6d7301ac,99,TRUE,113
fd2835b9-991c-42e2-8b31-857aee3df4fe,87,TRUE,72
2b6c68c4-1783-49c3-852d-93a865161b1f,81,TRUE,27
a65ad593-7de7-4128-840d-128453e76ce2,24,FALSE,0
1ed48d2d-da52-4965-8355-de6046f27fda,81,TRUE,50
b18ca153-912c-4763-8700-123ad4ab8a49,87,TRUE,29
8cb4072b-5a78-40e6-9e39-59cab1d20958,100,TRUE,131
a05935af-df86-4280-ae87-fe109f3262db,95,TRUE,105
37a0cea3-92c2-41e3-a530-2c1ff6450559,76,TRUE,11
b201d9c3-db9c-4574-8b0e-dbfa33e1aa18,27,FALSE,0
d8dd1448-70f4-42e2-b3de-8b29134fee75,71,FALSE,9
706e48ad-f137-4f6e-93d9-aeab820d2541,100,TRUE,126
1a7edd25-ec51-4ae2-b493-b17b48750e9c,79,FALSE,19
722722bc-ebb5-470b-a312-8225aacc3b25,66,FALSE,0
eea5923d-fa5a-4139-b9c4-d6a73d61b06b,24,FALSE,0
d62911c5-edfe-412b-ac88-cc0a3c45ee8f,15,FALSE,0
888b55e0-5697-4d66-8f85-894b0596e042,26,FALSE,0
fbafe8dd-182b-4485-872c-1747c56ce9cf,80,FALSE,22
c70bb107-8b2d-4398-8d9b-148ce3bade42,97,TRUE,128
ab5b0a10-faf8-448c-82ad-75e0ec92ca86,77,TRUE,33
4097bd34-7e72-4423-903f-82b2c9b5907e,77,FALSE,24
c728349a-9b84-4284-93fe-44ae6b0ea122,97,TRUE,118
4a6f014b-1672-4bea-a2c5-a1e933343967,70,FALSE,0
d2ca625d-eb63-4324-9440-e78cab49368c,26,FALSE,0
990f380d-a4e6-4066-a36b-09c2e1773f42,70,FALSE,5
592f76c2-5148-421f-ae96-7e4f66b51559,33,FALSE,0
d1cdbbf4-dd17-4618-846a-5addbcdc0aac,96,TRUE,97
1e42aa98-2758-43f6-8599-97bc9c204e62,76,FALSE,16
75dda401-b7d5-46ba-8d18-c0b83eb784d3,96,TRUE,120
8374cab6-0af1-4920-bf50-78d58920351f,74,FALSE,4
5468cb01-252a-41b4-8642-32d06511c6de,62,FALSE,0
02d98c7c-d06b-4f6f-9c60-58ce1e15a00c,66,FALSE,0
93bc01f4-5f51-42a3-8cf3-1881ce4e79d5,56,FALSE,0
74897ce8-a34a-44b3-8974-b9d4fce41785,21,FALSE,0
57bbc981-1219-4ebd-b074-8f100e762a90,14,FALSE,0
94c800dc-d890-4a0d-aa47-c0cf97f1bf0f,95,TRUE,118
e7df6dd8-fefd-4819-b6ce-225c2d64c3c0,95,TRUE,114
2cb45e89-efc7-4957-a408-309096974a2f,95,TRUE,118
aa5e19b2-ede9-46a1-bc3b-58c8b08c7c64,72,FALSE,12
6dd2d2d3-d1b3-45bd-9517-4a6fc5fad34c,66,FALSE,0
c4476e5d-6043-4f2c-a0ee-394fd52113bf,61,FALSE,0
a9070e7f-4567-43f5-af97-ee10131bd3a3,22,FALSE,0
c1ff84ae-1e34-414d-a2af-85c301760dfc,97,TRUE,127
6358dc15-1071-4898-909d-eec47818c42a,66,FALSE,0
89244d5a-0272-4984-b700-e928172d456a,24,FALSE,0
5b3166a6-b7df-492b-b605-d860cc26edd3,12,FALSE,0
a149f015-a347-46be-bc5e-0702d52d2743,63,FALSE,0
1e968805-c3ed-44de-b365-d55ad1985183,95,TRUE,123
c7de00a3-65f1-4037-bcee-7f8aba15c352,96,TRUE,123
ac13964d-3adf-40e6-8ed0-e5b78943dd0a,63,FALSE,0
66cfaf0c-8826-4116-ac7d-db3e624be913,54,FALSE,0
7cff2466-d127-4657-bb8d-d6f0fe12b9f4,21,FALSE,0
09ad9c89-0331-4826-8142-3dcf5ce477ef,94,TRUE,130
b16f901d-f842-408f-8bcb-4834f614a98e,34,FALSE,0
2525e78a-f74e-48da-a9b9-69b0673d0c9d,96,TRUE,126
fdaa4e8b-f509-4726-baff-184c16bbf9ca,98,TRUE,109
32e8aa83-12bc-4086-b396-5c23bfa21be5,62,FALSE,0
138ca65f-72fd-44dd-a0c2-a050037dde60,12,FALSE,0
484276ef-e379-42a8-958f-a745e110d4be,13,FALSE,0
38c8e359-0e1d-4f99-901f-02312d7bee96,66,FALSE,0
2959579f-f07c-4fcc-81d7-5fc3b4d056bd,16,FALSE,0
2a7af648-5086-47d2-bb42-fe37951ccf05,96,TRUE,129
a1a224b7-1ce5-4862-913f-dd901e9378e2,95,TRUE,117
0b7791cc-3f0c-4bb4-a26a-11935225aaef,95,TRUE,125
f88b70d8-7ba1-4d7c-910c-3c5f8bb315f1,79,FALSE,37
bc540325-9d84-459e-9fd8-9d83a0dae585,95,TRUE,94
d2e57a78-8b11-4c4f-bc46-dea84062ce40,58,FALSE,0
7df465c8-b003-4839-a8bb-aff37d98daa4,95,TRUE,107
c80fae20-ca0b-4779-bf87-b316fbf3f4fb,96,TRUE,98
4d31eb7b-e730-4b20-bb54-8e4f76966b81,15,FALSE,0
f5937ea3-fa3e-4618-830b-414a83b4b548,8,FALSE,0
29c452fb-303b-44cc-b574-2c86695fe627,100,TRUE,125
511f2a9f-9b43-4fa4-8015-613edb67eb00,95,TRUE,0
2fdfbb47-57e4-46ec-b1f2-93c4a0fc00b6,53,FALSE,0
512f4cf3-fbe5-432e-b86d-85e6d6cbdcf0,60,FALSE,0
25dee82e-ab63-4d73-b827-22cec34219bd,38,FALSE,0
8ebd8dd2-b987-4486-af2e-69869ed8b3bd,15,FALSE,0
89304e98-a3ff-444c-b661-bae0b62454b0,90,TRUE,116
d3cbada3-4e24-4b93-8724-3d7b1bdf02a5,92,TRUE,71
6b403b90-a7a2-49e5-94ee-d1ded1d046c0,98,TRUE,127
5adb950a-b6d1-4a38-902c-e6b7a9b683df,94,TRUE,45
431224b1-7cc8-4f32-8c15-6c7cba953b52,91,TRUE,121
d36c5e48-8c72-4c3f-8735-3c50baa5fa4f,73,FALSE,1
6dcd74e4-4efe-43e9-8089-b0805f0ae7da,49,FALSE,0
62db7d0c-a9a3-44f4-a771-c1b7331bcfbc,95,TRUE,99
8ba42b8d-b359-40a7-b0e2-27d8f9ca0885,94,TRUE,126
9e93b9f9-62d1-413a-9244-88c0f854a715,55,FALSE,0
869ebb86-8038-4bc1-ae8e-59485f3f5395,20,FALSE,0
2a30c1dc-fd4e-47d6-b72a-0e689c8372cf,88,TRUE,98
2489268a-39ec-4469-b698-104e9fe4129c,95,TRUE,120
2c6f1b46-41bd-42ee-aef3-1a424315c5d0,94,TRUE,67
98d3e8e0-25e0-4d00-91ab-a2aca4981871,52,FALSE,0
eef76c1f-d11e-42da-8a9a-b46de947ef23,89,TRUE,114
0206951f-dd3c-43a5-bb16-2c1bb756c25c,15,FALSE,0
9691fff9-74e9-4c20-8b72-2dc4ba171716,80,FALSE,0
e07afdc5-2bce-4366-8c8b-e65260c65f3c,97,TRUE,125
5b100e83-f55e-46f0-8db9-37315d3af62c,94,TRUE,87
0d0d2470-56ba-492b-b9ba-a72e0ba0a22a,65,FALSE,0
ce168c85-6eef-45e8-a38e-8db577b03d82,94,TRUE,119
1007b2e9-a36c-42c8-b2ab-2217ca9b4226,12,FALSE,0
90ab1ac8-b128-475f-9a2d-624588bb454f,10,FALSE,0
7be93758-8c2c-4673-8aa5-6a8aa1f905d4,86,TRUE,58
450649a9-909e-4344-ae94-885226bea13c,97,TRUE,121
a50b9af8-f571-4410-bfdf-9486f38d5f05,95,TRUE,124
6757c252-8783-4317-bfb1-9c90ccbc0bf2,93,TRUE,96
71e27dac-dc5d-4d39-b1fe-54563e0fffd4,83,TRUE,29
a44639ec-8b6e-4907-bebd-383615db6454,52,FALSE,0
153ae609-25f6-423e-a0f2-409848f317b3,15,FALSE,0
4eaabc02-a214-49e2-8767-6fa556213de5,95,TRUE,125
395067cb-8b13-4f0f-90f7-3f27e52ed5fd,95,TRUE,75
c99434a9-f5c8-4033-a4f0-3027bc50e821,94,TRUE,117
a0cec08c-5d5c-4797-b9bc-6d9496fd8958,94,TRUE,100
a3cab946-d6dd-408e-a73c-b34d790f2e2c,90,TRUE,100
7e4f5b4a-0ced-4544-ba13-7f65bc962560,43,FALSE,0
1a17e139-d827-4ece-8b15-8e61c6591a6a,83,TRUE,61
3710dd41-cefb-43dd-9478-17f228abaa79,95,TRUE,122
e6fd56b4-21ff-43f4-99a5-ca06010ea712,95,TRUE,113
a37ffee2-1e77-438f-95a5-ccdb9764468f,94,TRUE,82
23a7ce9a-4723-4df7-bb88-4557085485fa,89,TRUE,39
fec63a03-13c6-48e7-9b6a-ce6815826876,97,TRUE,124
90c59519-7b35-497b-ad78-43e7ddf3d1fe,97,TRUE,123
5a1dfc21-17e9-41e6-b217-75a2a06c1559,91,TRUE,87
fb17673b-a0dd-4c58-a949-f1f5887ec030,36,FALSE,0
c06f11d1-dbaf-49b6-983e-d7ea76aebe98,95,TRUE,83
b90529c4-137e-4a13-a299-bbaaf7796377,95,TRUE,88
7cf4d9e4-29fe-40dc-9bd8-6e6bfd5a0ea4,95,TRUE,120
4366e6b2-e6c0-4b5a-8cc6-5bf19291a0bb,95,TRUE,111
a6ec838f-0ef8-4b38-99e0-49466da3a0da,94,TRUE,109
b64d8505-9d64-425d-a04c-5f230d48ae64,94,TRUE,109
ebc28bde-0ead-4567-8217-2b69b2fdee2f,93,TRUE,114
9dcbf929-cc2c-4c8d-abf6-662022cb63de,48,FALSE,0
b3bf0908-4130-41e6-9dbb-4e76ef1d49d7,99,TRUE,123
2d6c2d6f-cc08-4072-87e5-4809170011bd,96,TRUE,128
7755d001-8058-4b33-a8c6-5be8a30df536,84,FALSE,32
3031e69a-29a6-4758-8ec3-2796009b5bc5,2,FALSE,0
4dc67b0c-f8fb-4368-bf50-3cd709a735e8,91,TRUE,45
bec55ef8-3173-4567-9a63-7acc7d5d1bf6,95,TRUE,112
3d6124fc-332f-436d-acb3-e67b52e11d1e,95,TRUE,110
92fa5f3e-045b-459f-9f55-2744b2124dfa,84,TRUE,38
5e1f9853-55c9-4c7b-97dc-fe65387d0224,94,TRUE,124
d5e323ec-595c-414c-80d9-e05617e6c219,94,TRUE,122
0a868d56-7e76-48e2-bdcf-8fda9535b6dd,94,TRUE,94
2578383d-1cd3-480e-ae5c-921097b53b5d,75,FALSE,20
1118833d-b42d-4627-95c1-e000af6bf819,51,FALSE,0
7b199e8d-9b4e-4923-9e20-c0507844e340,35,FALSE,0
d355892b-a1e1-45ca-9303-20e7542f50e1,9,FALSE,0
bea2519b-339a-4b1e-980e-d9931f45feb8,89,TRUE,74
db74e5b8-54e7-475b-9af0-faf981801a97,2,FALSE,0
b45c5050-489e-466c-aeda-6a22fefb8152,97,TRUE,84
3a0b4b57-45c8-4068-8fd1-1b51b41e2ef4,98,TRUE,118
0a518ef7-f2d4-4471-bc95-9d8b9a3c4fbd,97,TRUE,125
fe6523c8-947a-4c11-8408-bd829f4f4cbf,98,TRUE,1
5b20db0f-5522-4c2e-991c-76ec25a1ab8a,96,TRUE,122
a0010193-e856-41c9-b2a6-f357bded3af0,95,TRUE,104
1a5b0562-8204-4535-93a1-83135ab9b789,95,TRUE,124
527d3f5c-d64a-45ce-b65d-7a4a77374973,94,TRUE,126
ef257da8-28bf-4df9-834b-be2fd4d700cf,94,TRUE,106
543dd422-a404-4eec-999a-91a73b27fb66,93,TRUE,123
71aaa854-bbc8-4ce3-b71e-d205287292aa,93,TRUE,74
a355cfaf-f16c-4cf5-aa91-2cc41c6ac912,41,FALSE,0
3a43ec9e-a14c-4adc-85de-03b7b0a7719f,10,FALSE,0
4cd4d412-adb7-4906-8d01-01c2f9cb80bc,51,FALSE,0
9c4e88e6-f868-4ec9-b750-f6f5f5649dc3,87,TRUE,12
ccc3effd-fcd3-4358-a948-1b3a9c0a43ea,93,TRUE,109
af8a46f6-4dc4-4ee5-843c-8a7f632eabe1,86,TRUE,61
ede68bcd-8d1b-4857-9373-3db67b715fb7,44,FALSE,0
aa0b55fe-54ce-418b-bb2d-b917f7e75609,94,TRUE,126
a0149caf-31e4-4cfe-9720-a1aa6933680b,94,TRUE,105
032e9b4d-6634-4958-b58a-221e785a6062,93,TRUE,24
c612c0da-9304-4e50-8881-ef4a393ebfcf,93,TRUE,107
3554cbe8-7bf5-4b83-892e-3a5105ca7a1e,88,TRUE,64
cbf8ffa6-066b-44de-a173-4d9959b460f4,85,TRUE,39
1e0c27e1-a801-4438-a860-23852cbd44e2,81,FALSE,25
9f2089ef-de43-41f3-992d-f12b29714475,42,FALSE,0
54e51fa5-8863-4032-8a44-8d51c75c328f,12,FALSE,0
25f8eba8-5ad4-4d8b-91eb-32b9344795e3,78,TRUE,29
c2be3a7e-6b1f-45fa-b4cb-07ab936818f5,97,TRUE,117
495dcb4f-547c-402a-a5d7-82386c5540c0,96,TRUE,125
58382a00-337d-4257-82dc-b171f92ccb29,96,TRUE,109
4b19ac9f-cb34-4e95-aeee-d01d440d9bd5,95,TRUE,113
6080c32a-8c8e-4466-9f7b-a3fbfa0d83e8,95,TRUE,109
c226fec3-905b-48ac-9a92-969afeac61a4,95,TRUE,66
6fea25e1-68d9-42df-88f0-a10cf08a2c51,94,TRUE,94
9af95bda-c6bf-4db7-9cd2-e76cd40078fd,94,TRUE,42
32c8cc96-b154-4868-9fed-ac02ab074c7f,94,TRUE,112
4e688c9f-d20d-47b2-bdef-cd3cdb7186a0,93,TRUE,103
fd7055bb-7d08-41ea-8899-957597cae93b,83,TRUE,53
8332a5e7-321d-4895-9a3d-0cdcda3e4afb,37,FALSE,0
aecdfb91-03cc-4701-8646-3a1dc05976c4,8,FALSE,0
85389d51-154a-4dd2-8541-01272bf319f6,86,TRUE,71
f835763f-a4d2-4870-a58d-6936ab9c5ef2,88,TRUE,57
1c51d2a9-df5e-4af3-95b9-a82aaa94ce37,86,FALSE,39
2787bb05-2a23-490c-96c3-b0af316a4ee8,82,TRUE,24
55939362-3e0b-46fb-a85a-cd64c391ed7b,92,TRUE,87
069abd6e-fb46-47b6-92a3-5e991aa1b3e0,59,FALSE,0
bfba6e82-13b4-4681-a81f-40a948f4cfa7,91,TRUE,100
3ca08b83-ca35-4b13-b3e5-52d6bebfee95,98,TRUE,125
7e128f56-6f5d-4f35-b637-c0d65c1492a2,98,TRUE,126
da5c2be8-6db0-4aa5-9de0-88512384f8b3,96,TRUE,103
b279e870-27c8-4ecd-9b08-b3fe3c01d5cb,89,TRUE,97
fc9ef06a-ede7-4ce4-8783-1ce0156a9bfb,94,TRUE,123
3d3ee56b-6749-4fbd-bcfa-8470cdce9aa3,93,TRUE,0
4869c3ec-925f-4ac9-9fab-3c5566e73d0c,34,FALSE,0
f0b043a7-2a3d-4d4a-b44d-bfef07558b78,92,TRUE,108
3922045b-6b7d-4acd-9116-371bff0ff3b5,92,TRUE,119
4d210a48-d518-40ca-8f6e-c488fb670d8e,97,TRUE,119
689b0185-612b-4427-b3b8-73eda46edd28,98,TRUE,130
09690ad3-86f0-4d43-b9ed-80636a75afb3,96,TRUE,65
d6cc1d9e-fe15-4500-8d99-30058b862160,96,TRUE,126
c53e970d-d320-4143-96cc-63a4e72d7330,96,TRUE,118
f21b50e9-53b8-4788-b743-4895cd146baf,95,TRUE,126
b230b0d5-317c-4b03-928a-25850c1a05a3,95,TRUE,122
5a190407-6c09-4126-a11f-500ffc4f013f,84,TRUE,67
3f17ff94-9a63-442c-8cd0-3741f257d1d4,91,TRUE,86
293279c1-d52b-44cc-a37e-0ad7d1356008,91,TRUE,105
92ad60a1-2eff-464d-93d1-b2e477817b8a,2,FALSE,0
640a5d4f-975b-4082-9a5e-a1293876989a,80,TRUE,69
3521f87f-f809-4742-ba30-04d2c2e0fa12,90,TRUE,100
424c68e2-d487-4c39-b254-53ecf4590dbd,94,TRUE,110
72617ee9-d21e-45b7-a75d-a64ee89e8f4d,93,TRUE,112
0b815ef2-10ad-497d-b22d-b0d4f9e01402,93,TRUE,108
e83de639-b371-4024-91b9-17a66c495dd1,90,TRUE,101
cba551ed-6db1-4aff-bd28-3aa7a6ce710b,90,FALSE,10
825d4238-7aa2-4a29-952b-93d9eb0e6574,89,TRUE,102
4d99d925-b00c-40a1-9a79-d7c9282d81b7,80,TRUE,31
09ad24a9-572c-4103-b290-7eca8f667e68,5,FALSE,0
683e71ec-88e5-42b2-b64b-99d1e6c145b7,94,TRUE,117
e14a91f7-59ea-43a6-beff-ffa8f34e81db,94,TRUE,83
844668db-f74e-4f32-8ec0-1eefe76e7d57,97,TRUE,114
7e67b10f-a1ac-478b-82a6-c2cf6f05a693,96,TRUE,102
1a3ecc18-3f37-490e-93d2-84388bd02784,96,TRUE,86
70bdbfd2-a64e-45ee-9247-8897bf65886b,95,TRUE,108
db0cda34-3073-420d-a9a2-36410a62936f,94,TRUE,98
5f5ab3f4-2465-4791-a34f-754f5507e72f,94,TRUE,109
e1fa9638-9720-4346-9322-d955c4ed7bf8,93,TRUE,69
cb5cc2f6-2fcb-40e4-8ea9-41ea693de9eb,94,TRUE,121
3014bfef-04e9-44ba-9b80-6f0f370393fb,94,TRUE,110
98f26e7b-0c78-4297-9fa3-7202f1356b8c,94,TRUE,122
7ac03e15-3c13-477e-a6de-b0799051ada6,93,TRUE,121
9e62dc89-4fb0-4d65-aaa5-a31eaa3bb62c,88,TRUE,100
fc29f5ff-bbfa-4c39-8261-247784d11921,78,FALSE,34
df34f4df-2cb8-4488-8bf0-9dba885b7bb5,1,FALSE,0
8a462f99-31ef-4766-bf7e-6833eb62b5ff,87,FALSE,54
64f5f056-fe23-45b7-ab5d-50a623323366,93,TRUE,98
78598e80-f4ff-4cad-ab0f-a5f2053e8821,93,TRUE,111
7dd83c21-4d4c-4369-aae1-ff4738c73047,92,TRUE,115
4efcc385-310a-4b2b-90fa-eb7b53962a04,93,TRUE,94
90e0b481-f1af-48bb-89b9-b1f7a72b01b9,91,TRUE,95
dcd3ee76-5aa4-463b-a2ad-4e84c7eeea9a,91,TRUE,91
1dac2376-fa59-4743-932c-6f414c8e9973,97,TRUE,123
15409305-5e56-44c5-a4a1-9b41e7617de9,98,TRUE,132
4b65d37f-0a37-4cfd-9f83-c54e828a7f93,96,TRUE,126
d299896b-516b-48ca-b43f-f5784de9ba8b,95,TRUE,125
2495df78-b298-4815-9025-ad8ab42b1cdc,94,TRUE,98
80a085af-e958-4851-84a4-9d62a49360d6,94,TRUE,109
a705e20a-f8f6-448a-8996-aa1a9f14ef61,93,TRUE,118
29533c08-0aba-45ae-be15-4024f0c9c44e,92,TRUE,116
8b55eb2b-5ac8-4e3d-a84f-6827c63303b3,89,TRUE,51
19b6e13a-cd06-43fe-aae8-5b4c8a325a77,88,FALSE,79
e6fc3325-7b3f-443b-871a-5d887b054c27,90,TRUE,30
a78e86b0-85d8-4cdf-8d37-dc5e2dc9aaa4,99,TRUE,119
b6fc6466-10c5-4bd1-be97-91d90eed5ac2,97,TRUE,127
423ea6a9-7100-4ee4-a345-59ca4da7b508,95,TRUE,123
31235cc9-1268-491f-a44a-fb59c0314db4,94,TRUE,122
176e16ec-254e-4dba-92ce-1e7ded3b39ae,94,TRUE,120
a87ad04b-6250-40c9-859c-00c9ed62106f,93,TRUE,100
995839da-e556-4961-8e92-d5dd4e1868e5,93,TRUE,118
a92fe841-ad21-49df-aa84-55f34c70d51d,92,TRUE,101
832d66fc-c474-4a62-a239-52497a47a6f1,90,TRUE,76
8cbc384d-0134-4e5f-a7e8-b9b8e198b159,89,TRUE,100
4873aa75-89dc-4c62-968b-669b1354350e,87,TRUE,56
8c63a18f-f78c-4b15-bca6-e38e75662fee,99,TRUE,81
21fbc12f-d9cc-4fc6-b843-7e0d406272f6,96,TRUE,108
c54cad86-e35b-4d37-a061-1da0abca4472,96,TRUE,111
8e12ab82-4b71-4291-a82f-159d21ef2732,96,TRUE,124
b7f33779-3d80-4140-bbb8-a295ef20be77,95,TRUE,130
7e0f3dc2-9707-48e3-a317-a675224ee04d,96,TRUE,125
3bd4a66b-1a41-4f37-abe0-2d4d15d5ce0c,95,TRUE,125
bb9d18a7-5c27-45d3-bf05-2d41ba541a6f,95,TRUE,127
ac61e921-91aa-4c32-982a-0bea7504290a,95,TRUE,82
cb1da005-4852-466c-84b9-2c9d313b4549,95,TRUE,81
007f7a26-a355-40f2-ac61-8a7a7ef16e8f,93,TRUE,116
209ae705-4014-42f9-9e95-90fd5852e429,93,TRUE,59
ec1a5975-a362-40ce-bf60-485422ae9676,93,TRUE,127
53c05e64-8f25-406b-adb1-ea74ef1ac973,93,TRUE,51
2f2769da-1359-4aa3-9012-5133d9e30caa,93,TRUE,0
accfe411-3114-42e8-aed1-8afd21d2cc44,93,TRUE,123
13c70c1f-41ab-4889-8f69-80205a968558,99,TRUE,121
1d8efb12-e3b9-4b29-9ee3-f61c18d129cb,95,TRUE,38
47e125f4-4f7b-429b-8404-6a796c395ff1,95,TRUE,112
bbbdeb02-e48e-4b1f-9b21-fc8141dc6285,95,TRUE,130
6d0fc0e2-c71f-46fb-a6df-3a8a08f9edca,94,TRUE,126
91adb0fe-1965-4cb7-ac50-a243a57aea4f,87,FALSE,55
d658eaa0-54e5-4ff4-97de-acb7e0bef2bd,76,FALSE,9
98ea3b7a-4db4-443e-b4ef-e2692e7fcebc,92,TRUE,104
527bf83d-0b5d-442e-a724-09c26eeabbdc,93,TRUE,111
317d5e8d-6953-4c9e-8856-97f892f79ec3,90,TRUE,55
60db77aa-9452-49d6-8b41-3d63272552c1,87,TRUE,94
3897f191-52f0-4f2f-a1e8-3536b8090036,78,FALSE,22
5ca86a8a-c368-45c7-90eb-b0f497e00ebb,75,FALSE,17
ed76bb06-194a-4c6c-8ca6-0fc5622d1ede,96,TRUE,127
dca07a20-9016-4a91-be58-3bc8d08af7e6,95,TRUE,107
e356514f-2df8-4f45-974b-c606cf00c225,93,TRUE,124
3e2a3b02-eb02-49d2-a674-db919120b11d,93,TRUE,112
f7bb1ef0-1736-4555-a34f-255249a33049,91,TRUE,94
e874ed25-1d8a-4921-916e-d94ce6e5b8f8,90,TRUE,109
0ad5cce3-5590-49d9-bbcc-60b3fc46003c,90,TRUE,79
ff4aa413-d1ff-4af6-8e32-f06ecf68620a,93,TRUE,105
78f1df41-f5b0-4487-93b0-8e447a3cd44a,93,TRUE,105
19d7045b-20bb-41d9-9ffd-a1995dd0d414,93,TRUE,93
6a972a5d-f0e0-4936-9489-81a205193945,92,TRUE,123
f62c9048-7e8f-45c8-b975-d3cf8fe22e2f,91,TRUE,60
75c33e7a-fdd9-496a-9b12-b92b402b179c,91,TRUE,72
82c787c1-303d-4299-a7a0-c4d40229212a,88,TRUE,0
815fca67-0c35-4120-a9fe-4a8060a836c8,88,TRUE,63
09e1664d-4e76-45c5-8cb7-e61328788a51,84,FALSE,51
491978db-d9ba-418b-8362-4d39030e92b4,77,FALSE,21
4e4d3af6-cb46-4c4c-b353-c0598b267740,70,TRUE,8
c0b54e01-7810-4cf6-989c-dff24252c938,49,FALSE,0
71df6f95-72f2-4f7b-b9d0-98ab28e6819c,90,TRUE,104
eb6439e2-8fc7-4d0c-bf4a-a51a2cdc2bfa,86,FALSE,40
ed8a53c9-55d7-4217-9fa3-09cda9743fd5,96,TRUE,129
ecf8193a-d328-4a4d-a1e4-7ff7b0c351f1,94,TRUE,60
de0bf8de-39e8-4e6e-bd15-84918364b514,94,TRUE,109
f65d4531-c7d9-4874-8ce7-48b9125168e2,94,TRUE,130
c53c5470-47ca-4328-953a-7cb218e0c5d8,94,TRUE,112
8588661a-f567-43fa-ae1e-7b74ca86b715,93,TRUE,91
41a75137-9adf-41d1-aa57-0ea7999bb2bb,93,TRUE,120
26f6db29-646a-472f-9522-51263fd808c5,93,TRUE,68
006a4e2a-1fc9-44f9-bd23-bbdfdeec344a,93,TRUE,109
c28fdaad-2dde-4630-a866-acd319ed59ea,93,TRUE,90
e5440ed1-d0e9-4ba9-899d-df4198423f77,81,TRUE,21
162c195f-1d02-4226-bd68-42deca84f3a6,89,TRUE,19
ed405b5e-00b1-485f-8746-a886b200f07a,92,TRUE,98
2f396371-9be9-482e-9ed1-2217f26c5527,100,TRUE,127
f891dd8a-74e8-4f95-9a0b-23499432383c,95,TRUE,129
ca3649ce-9fd6-4fca-811e-cc8bc9d67188,95,TRUE,121
387d565c-5697-4f9b-a901-0e389dae319f,94,TRUE,114
6943a464-b42f-44f0-bba6-73f8528143a4,92,TRUE,100
551eda0c-6685-4e34-a849-3e8a54866381,92,TRUE,98
d48d7521-b888-4b61-bc72-346dd980593e,74,TRUE,0
8f9bafd5-7828-498d-8d2e-9d0e81a0ee29,91,FALSE,31
fc148ca0-6251-464b-9275-6fdfbb404a8b,44,FALSE,0
8efbba33-8619-405f-a979-883e9be5fd27,18,FALSE,0
9b16305c-2af4-4e34-acc7-094009d22581,13,FALSE,0
92d81ba9-6e5d-4933-82cf-8db1794ea00f,94,TRUE,83
2be5ee98-91bb-408c-8bc4-af33e78864ce,93,TRUE,72
4aadcea2-6aca-4ba0-8282-17351a54d2b5,93,TRUE,119
6e6c3099-9587-4998-93e4-a14e3bc6ec55,92,TRUE,126
5bba1a17-f16b-4c56-b3ba-e6f9e145f5a4,88,TRUE,85
a7c5a83d-990d-4159-b84f-12698bc9c2ea,79,FALSE,0
e1e2745e-2872-42ca-9124-324c67f06e95,92,TRUE,68
a970c468-9c46-4493-8df0-e4d10c566397,95,TRUE,122
2f2893e7-22b1-4ed9-9d80-0246e0868be8,94,TRUE,0
8cc76394-380f-45d4-a9fb-40bcaf4c5e74,93,TRUE,107
e3b2d093-ff0e-4607-ba18-8078982d95b5,93,TRUE,79
5e096f77-cefd-45e5-8db2-9345820ec1ed,92,TRUE,106
5ff53627-8e80-490d-8e95-f184ed234d02,91,TRUE,84
330e4693-0358-40d6-9e70-5e329eaa04ee,85,TRUE,44
c5364b52-3234-4826-916e-9a8a03df8137,78,FALSE,16
f2544f83-76e3-4a21-bab5-73c3d2839b26,92,TRUE,115
e6f2caad-df03-4a9f-bde2-2b8b7ac166f0,92,TRUE,107
2a030ff4-c437-4e55-b0a2-deaa65f3d6b6,85,TRUE,50
06f98642-512e-4bde-9a9d-2f062212524b,80,TRUE,18
d3f6e1fb-e949-434c-99dd-e2c84a4d23fc,4,FALSE,0
7579c82b-d24d-4e04-9ee7-9c4187bc88da,93,TRUE,108
8336b0a5-e475-4635-8eb4-f75afd918bfb,92,TRUE,84
771a01a4-dc3b-4b71-ba19-c29a8b762077,86,TRUE,54
4a814ab6-268f-41c0-97f3-011813c1b6fa,71,TRUE,9
f203a28d-cab1-49f2-b663-53b0e1bf4707,72,FALSE,6
01540889-5ac6-4e1c-8eeb-87a1845c45b2,71,FALSE,3
7a56ac8c-0232-4ae6-a341-51c9689abacd,74,TRUE,6
ac6da903-0d3e-45c9-99b3-c1c8ba97cc77,87,FALSE,71
5862bd10-3a71-4268-bfd1-463ded9e039e,93,TRUE,123
09326582-5e9d-42f7-bf29-5e5f03e7b57e,92,TRUE,120
25abf5e3-4d0a-48e4-8cf6-58e3147852a3,92,TRUE,95
ab82092f-346b-49da-88bf-fee80809d908,85,TRUE,55
c01f5b90-8075-42a9-bdb3-982861a54ae0,84,TRUE,42
cb4343c6-971d-40e5-97bb-4b01e4366110,73,FALSE,12
2443f762-36f6-430c-854e-c523dc4c6756,2,FALSE,0
cd96df71-21a6-4343-9234-a679814ec3d4,98,TRUE,119
c29b3fa5-e650-455e-a4d7-71ec5d87f6b0,96,TRUE,116
d89f89c6-effe-4ffd-be47-3811320bc269,96,TRUE,124
bada7183-5791-4952-9ac6-0ecd57d423c1,95,TRUE,118
75a96c59-c9d1-4a6b-a8b3-558afc2d7aa7,95,TRUE,84
bc5b39d6-0060-449a-a968-4514fe077083,94,TRUE,100
438d317e-e774-4eaa-9a56-2cb8588177c7,94,TRUE,116
7b666d4e-adb1-45cc-bdd8-817ea3a5d054,94,TRUE,113
06c256d0-43c5-4b39-aefb-bb5bb36715b6,93,TRUE,87
8973c311-48e2-4099-9888-cf495b1eab73,93,TRUE,111
6a9ada03-7d98-4a05-9395-bae645c72876,92,TRUE,92
9d114f26-beb1-47aa-bd27-0e7644f416aa,92,TRUE,93
9fcc29be-08e1-4e2a-a3ef-9fc11fcb4255,92,TRUE,121
dce98682-23d1-4bb3-9837-6bf716cc8ea6,91,TRUE,114
7bda8055-db4a-4f1e-a7ca-3448662c2ac3,84,TRUE,52
ae3f156a-3049-4aea-bfdf-3595145e7817,77,FALSE,16
07c6e633-d750-4e86-b788-f5fabdfc4d08,72,FALSE,5
9a23e5b1-1a00-4fc8-ac1f-ef10dd063bef,94,TRUE,124
8d5108d0-77ae-4871-ade4-70f258d7f92a,92,TRUE,73
4df990e4-de49-4c31-a96b-33550a19256d,85,FALSE,55
214b948d-a532-4f4e-a5bb-4833e4ea5d08,72,TRUE,14
52ae0e2e-9d7d-4cd5-af89-068b41c27c98,69,FALSE,0
4d7e434b-913d-45c5-a5f6-52ee7aaea75a,91,TRUE,124
fda0220f-561c-41c2-8554-cf3f6fa621ca,85,FALSE,42
9a16c04b-b92e-42fd-b48b-05381cd2fa3b,95,TRUE,19
88810827-5b38-4eb8-8e09-175529089327,95,TRUE,118
5046b405-f868-4f71-b3d7-942d37f73c17,93,TRUE,126
3d6509a1-f71d-4746-abde-c193ecbaaccc,92,TRUE,105
bd181c51-3b0b-49f5-8b32-5cade8985960,92,TRUE,2
d79b25f2-a10a-4096-b841-e4e2d85207d5,92,TRUE,104
2e2ede36-363d-4560-8489-27024c19f33d,91,TRUE,125
936ffc4c-deba-4d9b-80c2-f8040760bb3b,84,FALSE,46
9da523d7-c600-45c3-b334-156ae3734baf,71,FALSE,32
31cc4093-c29a-4677-ae7c-3d2d693bcc20,95,TRUE,122
faf1bd98-8eeb-4880-8f78-4cdc83223aef,89,TRUE,73
3f3f8e18-237a-4218-b60d-8b3ef3573ea0,72,FALSE,6
243170f2-308f-4ddd-bd80-6855d7a32d3a,93,TRUE,95
72b3db3d-819c-4a94-a203-e697219fae32,65,FALSE,0
1a02b12a-2c28-4084-922e-cd1dc5f7a283,3,FALSE,0
161efdf4-657b-43a7-add6-f312872ff6f8,87,TRUE,93
c2877d7f-ff08-4fd6-a1b0-2767d74ee751,89,TRUE,72
da1615c9-897c-46e7-ad1d-dcad9d0eedc8,92,TRUE,85
d0a0995a-cde9-48aa-b101-59b61429b509,96,TRUE,116
8714c294-87dc-49df-a230-5bc4292a2e40,94,TRUE,107
0d665453-eccd-4295-975d-95ce0de93141,93,TRUE,33
5cc8c242-1ec0-4e6a-b5fe-f67fe86adad5,92,TRUE,94
eeda53a0-987e-470b-9fb8-27f8e7f47793,93,TRUE,114
a285225d-e44b-4258-8454-d25f3b3f1963,91,TRUE,88
0d7140a9-3860-44df-bd12-661777ebeb2a,91,TRUE,90
eea958a4-e75d-4a12-aac8-5396c3cce274,88,TRUE,70
b5e4bf6c-d720-4181-9e37-690125696761,83,TRUE,20
39391cfe-5309-4538-a073-c2d2e91aafa4,65,FALSE,0
0c676b3e-e552-4fde-800c-7b0980ca27bf,69,FALSE,0
badc95e1-f140-43f4-971a-c8c7057c1bc4,96,TRUE,113
a67aaea0-11b9-420d-9f50-d4757602d33c,94,TRUE,91
a423b4ea-ae0f-435e-88c7-d1cc62e514f3,92,FALSE,97
1fb5ee63-0c1c-4352-882d-81305305e07e,85,FALSE,37
0757c2ef-3749-45f0-b3f7-9d0f840e9255,93,TRUE,130
8b01368f-5f52-4a8f-aa25-f4cefef7889c,70,FALSE,8
bd43a17e-37d8-44ee-8bbc-b14e2627d829,66,FALSE,0
0c429486-edf8-4d36-a7aa-d1eded71077b,91,TRUE,118
6714744d-d169-402e-826e-b3135faf2afa,94,TRUE,0
0ddbcf22-72b8-4844-b6b8-f54da31502a2,94,TRUE,101
e181d8d6-c483-419c-b3ca-1636ddf85345,94,TRUE,109
b67764c5-9afd-411f-b50f-79f313d37b7f,92,TRUE,116
b3718419-7d49-440c-8e46-e8b36b61dfd1,90,TRUE,68
44f03de4-fa42-4210-b34c-bd9285de0962,90,TRUE,95
5670bcbb-660f-4c44-a857-d309c63bb09b,80,FALSE,14
7b54a925-afa1-4c81-9a1f-c7088ec03e1a,68,FALSE,0
38e73bc3-f936-4f6a-9bb4-583eec4a6dc7,68,FALSE,10
b27acdf2-0b4e-4d66-82d6-b1f5ad633aaf,74,FALSE,6
168b1989-6fd3-4d88-b27b-4b5b511ef5e8,83,TRUE,46
0dc55f3f-db01-4fa8-859d-b3d052be7949,93,TRUE,97
2af9e607-e466-406c-806a-79f3f0228fb7,92,TRUE,64
40db86dc-ae61-45f4-a57e-7b4d62d5aef7,92,TRUE,121
f00867a7-0883-465f-bacf-193155b49029,87,TRUE,71
46e82222-368d-4ac2-95cf-46b8803a456b,81,TRUE,33
66ce843d-18fe-4c52-ae19-e8fb5f3e9cac,76,FALSE,15
1f8a6ba7-cfa1-4a34-b3eb-3a5e79d05c1a,75,TRUE,6
b28416ee-3a33-4f6f-b88a-3d86da8e0554,71,FALSE,0
5f4de180-4648-427b-a885-0ea8a5efa31d,65,FALSE,0
d52c68a4-7e28-4051-bd27-8f72e55f8a94,60,FALSE,0
f0d377a8-a4a4-4d69-82db-8eaeb1073e40,41,FALSE,0
86834145-d27a-43dd-ab69-b600bd7801fe,71,FALSE,1
e1bbd434-860a-4cf3-9144-d2c81018dbb8,91,TRUE,66
56eacf76-bd9c-474d-bc4b-d12597070ba6,88,TRUE,66
ca7499ce-749e-49c7-ab4c-9375ff11455e,92,TRUE,6
51f628da-3865-4bb8-b9b7-9c136951f1f1,92,TRUE,118
a459d60d-ca9d-43b8-999b-6bd01211d86e,14,FALSE,0
ffa63d39-dbe1-4378-917a-bf7b95948a66,82,TRUE,47
f6188276-80da-451e-b504-3224db65d835,93,TRUE,114
2a3951ab-ba33-4462-8ff6-7534257e832d,92,TRUE,94
854c24a0-2a83-4122-b932-08bab0a109f2,82,FALSE,38
f125ee76-68af-44fc-ad96-b24d670aedd5,70,FALSE,1
1d884cb1-dd3e-4331-82bc-966d66a9dc52,68,FALSE,0
95040189-7591-48bd-9a99-2951bec8eedd,42,FALSE,0
f5b2a8f9-a9f1-42eb-9b26-0b675ed364ec,25,FALSE,0
bea229df-76c9-47bb-94ce-8df1f91d095d,11,FALSE,0
a9e35e4b-578d-49bf-bade-73febe4f57e5,92,TRUE,84
7b6bbeaf-e98a-4000-8851-71f3edd75b7c,60,FALSE,0
a31c2d89-ed02-401d-bfc5-01cb95f25dbb,92,TRUE,123
ceca3e22-5fbc-4df3-a93d-09e3c5a58a2f,2,FALSE,0
a7f5c36e-385c-4f12-b692-1d78c09a7298,65,FALSE,0
5cc9cabc-3395-41d0-b3f7-698d5920f23d,92,TRUE,83
88617360-786a-498e-af01-11903d85b091,82,FALSE,38
e5dd3bdf-c762-488e-b94b-91f0201c2900,95,TRUE,0
3383fe21-6696-4785-bbaf-5a0d6e5ecf11,94,TRUE,114
219c524f-4496-4607-b31f-778e82356b31,81,FALSE,30
84d0706e-5625-4b89-8ed8-f0679fe38ca6,79,TRUE,16
82a1f8a6-2dd0-4803-881c-e09dd04f1d64,91,TRUE,75
9a20d760-2ed4-4111-a12e-d75b97e89aa7,95,TRUE,125
daa89a64-289a-42f7-860b-eec83659f5b3,93,TRUE,118
c6e2ea5e-2d85-4bff-aa65-2e2f80556701,93,TRUE,96
37469bbe-7fa6-4c50-af15-fa7f86b72d1c,87,TRUE,54
81eea292-022c-47b3-8c60-283cbe2938f3,93,TRUE,105
83d38a76-376d-4288-b745-465de3e2de8e,46,FALSE,0
1ddab621-b9e8-4b6f-acd7-82f2abd33627,25,FALSE,0
614bf772-f04d-472d-bd4b-9a16e30c9023,12,FALSE,0
662d864d-f19f-46e3-9033-d03cf919ad84,79,FALSE,10
fc9f9087-ce60-45f2-8878-2d2c7d9d2257,2,FALSE,0
8f0a6d50-7f6d-45ce-a050-a43ea4ac93e4,91,TRUE,67
8f5f4ea1-444a-4ab9-ba0d-be3bb3a792b9,90,TRUE,101
e17b8200-ec2f-419a-a83a-4b6d98687ff0,95,TRUE,129
2c7d1f9f-55fd-4e25-8776-8c8805548f83,81,TRUE,40
b1887b05-c8c0-450b-97c4-ba7ed157a94a,71,FALSE,7
7087e70a-1332-40fe-8c3c-785eac730b24,96,TRUE,105
442d6e95-c3d5-4399-9ade-1e070dfd7b6c,2,FALSE,0
e83c7e92-91c4-4fbb-9749-8bd45ed054bd,95,TRUE,120
9d79b6aa-53e3-4831-b23b-a02eb8ce18d0,94,TRUE,112
8d6982c2-a844-4158-b472-00543c47e811,93,TRUE,70
b8656952-6f87-4da3-b054-a3c9cdb8d9d4,92,TRUE,99
3169c3dc-06e0-4cad-842d-29644f51da52,92,TRUE,103
0c45d8a5-976f-4c7b-bd38-6e28858b4e4a,91,TRUE,104
729a59bf-6c03-4d02-9719-4b3d1f8168b0,81,TRUE,29
9cedc636-61e3-4713-9247-4d86a3bbb385,78,TRUE,28
33c74f2a-6a99-4a6c-b425-ddbb3c53453f,69,FALSE,1
8b06143e-52e8-4003-860a-228082bba199,64,FALSE,0
2fe7cea5-5216-4c5c-9dac-e59c54d085a8,88,TRUE,16
a3d0f7e0-1c5a-49b5-b507-b23ff4242a4a,2,FALSE,0
6e3e6c5d-e333-4ece-a4a7-cfa0c1d02382,88,FALSE,78
ee0e1be1-98ed-43d7-93ea-5b36ec366ef1,92,TRUE,88
5ef713e6-b062-421f-8f02-a8c0d16a5317,95,TRUE,122
0b7a3b3f-17ad-4cd2-906d-30e24a77d8e7,93,TRUE,115
d500bf1f-2f61-4291-acb0-14a3de93c1e6,91,TRUE,74
dc1e1986-f925-4552-874e-0037adf6fa6c,90,FALSE,56
24fac39f-87ab-488a-b056-6710a392ce6c,84,TRUE,38
c2069e5b-5b8e-4b24-a20c-14410ba8c0cb,90,TRUE,80
91bab218-517a-4b01-98d0-7997138c0163,79,TRUE,23
8fe1845b-df9f-49e6-b799-398b231980b0,69,FALSE,0
a11f5a6d-3867-4523-acd7-fadf2a563c5c,50,FALSE,0
0dd2b4bd-cc7e-4140-aa38-bfcf6e443c7a,29,FALSE,0
8ba9cd61-c36e-46ff-8d98-c1bec8067c8b,15,FALSE,0
c6ccd61e-6d4d-42e5-ba8c-5abf215da4d0,97,TRUE,124
eeac04db-8fbf-4928-8c6d-4a646bb5dfe4,96,TRUE,115
07a9d1c5-a637-4e1a-9d1c-3b8fc33eaa71,95,TRUE,0
e47c7e6c-a91f-4426-8b0f-537f54f22d90,100,TRUE,125
35ef1df5-94e3-4a7b-9172-bbce276e0417,94,TRUE,113
db6f2c1e-c911-44a5-b83b-2652e8617a4f,93,TRUE,80
1f84bd34-fe87-4e01-a075-da690b788f89,93,TRUE,127
42ff567f-4a55-4d35-a0bf-87da32669366,91,TRUE,77
9ffcf711-9456-49d9-81ce-2bf5e6f0eb23,91,TRUE,92
4dc4bc08-ee12-4ee8-a35f-18b507136337,91,TRUE,108
a43f04ad-ed50-4c56-a95a-b7cb6dbf7f2a,90,TRUE,78
bcd6f156-6a0f-421a-b52a-d27654710bad,90,TRUE,89
aecf8278-dc4a-455e-a7ab-b682ccd88b2a,78,TRUE,19
5220e105-ebb1-45e7-936c-f2c315db0960,68,FALSE,0
0e000df2-aab6-4aba-92fa-1ba6afc6ae32,92,TRUE,116
18967e4d-c995-4947-8135-e3398033d782,92,TRUE,107
a9b13754-0ff3-4b9a-a842-2d7f87b84441,82,FALSE,38
0c94835e-9e8c-4f07-8859-e3b9016d9fd4,70,FALSE,0
80b132af-3277-416a-b1cb-ab1ae5647249,95,TRUE,120
0c1c9241-8d8d-4a45-b31c-74e3bbd70b88,95,TRUE,103
fcbcd83a-edf6-4584-bbba-0b573a2c7d85,66,FALSE,6
1084e902-f102-46bc-82cf-8eca8609dcf4,59,FALSE,0
8716229c-6774-438e-a10d-900c096a91c3,93,TRUE,105
19b6dd68-f151-4492-b7c7-4520b1ffbdf0,93,TRUE,113
ed393163-7448-44f9-8802-4df01a8aab5e,100,TRUE,125
99b6253e-d168-4e59-bee6-f3d240d925f4,96,TRUE,72
67ee1b70-991d-4037-8ee3-0ac7f25d2537,95,TRUE,122
2d463ef1-7dfa-4728-a5ac-165181e06763,94,TRUE,108
80bc228f-eed3-49d1-96cf-67f803b2e308,94,TRUE,116
6ecb2610-4a98-4f89-84d3-6cf0bbd7e2f9,93,TRUE,111
2eb5ddbc-4ebe-494f-a278-23c0f5f7197c,93,TRUE,65
70425afc-7881-4569-94c6-65c4b2ea8f42,93,TRUE,119
5b666549-dd52-49c9-acb4-4dc92226f497,92,TRUE,110
427db4a5-1a33-461b-91e0-ce435c1940fa,92,TRUE,96
c704331a-7509-4997-99e7-2c8628f7e847,91,TRUE,102
cc21abeb-c73d-417c-a670-1b2f938c4d3a,91,TRUE,123
a5359185-a51c-4ae9-b43d-16490203bfe3,91,TRUE,102
b534aa2e-11e1-43c1-8d6a-e233de12c7bd,90,TRUE,104
f1841a45-0303-4457-b941-08432ac98ce9,84,TRUE,65
c45d9518-a61f-415e-8281-13a0729c1bfe,70,FALSE,2
e5a31898-5121-433e-9f03-3298577606d4,35,FALSE,0
9613802a-7c45-4490-9751-eab8092fa662,4,FALSE,0
8b517dcc-027b-41e6-89d6-ad4d524b9ef1,86,TRUE,68
c84bff18-a6a6-4502-90c6-c5a99f31e997,92,TRUE,114
1ec74524-8016-4e83-9bcc-35817f6eca35,91,TRUE,85
bc8432a0-e3f6-45ad-af41-e5c506f4b04c,91,TRUE,107
8fcbf5d3-d20e-4564-93ce-db1e04c124c7,80,FALSE,45
a1c005e5-2781-4318-af1a-700c0214a737,79,FALSE,29
6da87361-fa8f-4def-9895-c21d34e3472b,90,TRUE,77
8ea5e5d4-e93c-4671-a04c-304bd8672c53,97,TRUE,110
2ef1aeff-3d6a-450c-8024-21a36e4dc747,92,TRUE,60
557de269-5de9-499d-a65c-4ae3a7169034,93,TRUE,108
4adcf5ce-6d3d-4a40-bd4f-a6a6984db300,91,TRUE,102
e4163064-6afd-49da-988f-f29e21b3196d,92,TRUE,79
d91b7f15-169f-4f3a-812b-b01d5d445f77,90,TRUE,72
836e314a-857f-468d-ade9-0b5e40f7c29a,92,TRUE,111
523b08a7-5367-40b0-b21f-3cb21ca1a62a,90,TRUE,62
701aef72-95bd-4ae6-afb6-14c095399b48,84,TRUE,44
cb605448-d761-4926-acc4-e2451dac125c,67,FALSE,0
6003d2ff-5957-4bb3-96a6-a02c0a7edfc7,58,FALSE,0
a2847e53-de6d-4fa1-a820-29086a25af32,91,TRUE,68
00c8a461-95db-4f93-a39d-4a842f0ebd43,91,TRUE,107
677f8a1d-f5d9-4d68-8ef7-afb027c7cffe,91,TRUE,107
46612263-2e97-4d74-b7fd-f6734c670b5e,1,FALSE,0
15e66640-780e-466f-9e6b-bec61f4d6873,86,TRUE,67
712f6943-21c9-4eae-ae70-50ff95e7312f,93,TRUE,123
969ec565-15e9-44e9-9d3e-ff102319669f,79,TRUE,27
019243f2-4aa0-4b69-b460-7c86ae6aa35e,75,TRUE,19
2148616b-4ffc-4815-a766-87bd3d280152,70,FALSE,4
0cb90121-d71e-4a86-9369-88a3b1108551,62,FALSE,0
b70fdda5-5101-4f6c-a6fc-ea76e6bbd8d9,59,FALSE,0
87617453-ad1b-43aa-8757-f14bdaf6ff0a,98,TRUE,123
8d389644-c813-44a5-be92-6671c2015d62,96,TRUE,27
9a698cd1-d222-42c5-987d-ee9c0d2b1bda,95,TRUE,121
b169fea4-097b-4194-a89d-b01f31d508f3,94,TRUE,111
54d7a362-8888-496b-8ab4-3c9584dd041d,93,TRUE,122
3100100a-0919-4857-95a8-51f5a61a5003,93,TRUE,109
f2055d56-34ca-4713-95e1-d9e14a24fa2e,93,TRUE,123
3258bf43-bc62-42a4-98d2-a4b7adb9ee13,93,TRUE,123
8583170e-e4be-467b-a30a-1c9f3a3bb70e,91,TRUE,103
fa271413-0d4d-4b1b-8500-0cad2ae755e0,90,TRUE,86
ae4edab0-7d32-4b90-a9d0-f5378fdde657,88,TRUE,73
8933230c-82ea-41c8-9f41-3c6d1544f288,80,FALSE,17
0a3f941a-2a5e-44a2-995c-fc21a5972f6f,78,TRUE,15
b59ea5b6-ff38-43bc-aeb3-ca56b73b5ec4,62,FALSE,0
49ce6e9f-8e5a-415b-a0d2-9b9a2e58182c,80,FALSE,21
c470f935-56c1-4bbd-96fe-243912dad4ef,90,TRUE,76
dd8fcb09-0386-42ca-ad2b-eda4bc1005bc,90,TRUE,46
04edda36-04a8-496d-85e7-db2a3429beb2,94,TRUE,97
9c3c5a78-cc6c-4124-a8ee-5f3fb164ea73,90,TRUE,114
a1d2b4e9-d239-42e7-bcbe-39133e13ef05,94,TRUE,124
9fc3b3d1-481a-4ce2-8e09-a30bc0a5dd3d,90,TRUE,65
588b3ecf-5aad-4da6-8bde-b620ba4c3a75,93,TRUE,117
01ac81e3-4f4c-42d4-8557-f0e87ecf9aed,78,FALSE,26
56730499-cdc3-443c-b547-8a5aab631873,78,TRUE,20
9573c704-ffa5-45dc-b36b-3b2aeabab8a9,62,FALSE,0
d4039438-fb05-4064-b3f3-4bc7b5a0137e,61,FALSE,0
90134e49-3ccb-4902-a340-da118f6661cb,91,TRUE,91
04661f01-5398-434d-85b4-c48920710dde,97,TRUE,126
cdcbed00-7a98-4bb9-951b-f3263afc3267,94,TRUE,119
b4360c8c-09f7-4d49-9fdc-62f08e8fac69,91,TRUE,11
c5601852-c252-4523-9121-95dee51f62f8,91,TRUE,102
80f7d258-7007-4ca4-aa7f-bc0dbc5ce5b3,77,FALSE,18
54baa679-b0ed-4f40-abac-1d811a6c394e,92,TRUE,110
0405f2b9-b1fa-46fd-b704-e57b467796ec,96,TRUE,123
7e916a6f-bd69-46f0-9d91-04e9a63115b5,95,TRUE,125
093b39d8-392f-4934-9ce2-f6a0bf9497ee,95,TRUE,120
942319db-acfc-4dbe-b295-2994c3c0884a,95,TRUE,106
70628c83-9660-4610-bf91-4a1e052ca3a4,92,TRUE,64
c3fc46a0-ba58-4c05-aa9b-2726b0f3a5d3,92,TRUE,102
a17c6f52-c4d7-4a2b-adb3-a766ba303787,91,TRUE,111
9c48197a-35d5-4351-a8d8-c098c63a2238,89,TRUE,71
826e11b5-67a3-441b-9b56-eedfd47c17d9,84,FALSE,27
7480d692-8e9b-4a92-a29a-78cc5ccd4e0a,55,FALSE,0
dd677ff5-3c0a-47ce-8a4e-e503018cbbdb,47,FALSE,0
3b0b55a1-0ccf-4108-ad47-2c6f4fe1d69b,87,FALSE,56
17d45f22-e8b8-448b-8e90-f26d41e19c95,90,TRUE,98
d2742322-2fd4-49fa-9590-588f2ccf4e60,86,FALSE,0
56335a5b-28da-49fd-bc89-558298c20bfe,76,TRUE,21
d05a65db-edb0-44c2-b312-ad4ab6be545f,92,TRUE,91
35e30063-b587-4666-ac0d-2487e4570a7c,74,FALSE,10
9ebcc747-cac2-4146-96ce-b0527c733787,40,FALSE,0
f31ba7cd-a60e-4dbe-aea6-ae32ddc5b263,95,TRUE,125
4be0ee8c-9f18-4766-875e-b079d1a349dd,93,TRUE,97
c5abde96-ee13-4d1e-8e7f-c7b3633577e2,90,TRUE,113
35605411-9d13-4c25-a250-92ad8aa26954,90,FALSE,41
87c643c1-be75-4dd0-b7da-1cb5b2ac927f,90,TRUE,78
f9b54477-b0a3-4685-9a71-336eaac89c83,72,FALSE,8
20188e06-5a98-496b-af03-9562c80a8f50,72,FALSE,4
28686bed-d25b-449b-8150-e46cc36f7c16,68,TRUE,8
5cb6bacc-b4a7-4b7f-9c78-a4d61ee25453,67,FALSE,4
2fb6843d-aac7-4870-8454-04ba2d4dc96d,59,FALSE,0
979a3e23-28b6-4fc5-9694-55f7d520ea6b,91,TRUE,71
8e8be119-546b-49ab-a0e5-a885930047e4,92,TRUE,106
bffa52ee-2ff4-4f5a-9f2c-b7e77c39925d,91,TRUE,72
f929533b-a777-43d3-8cbf-1398c9ea23bb,91,TRUE,100
bad8ed6d-32c2-43b7-bc6b-866460ebf0aa,90,TRUE,71
9d0529cd-746e-4654-8531-d74ee149a44f,87,TRUE,0
a6d9aef8-34b4-432c-9592-82492c9da035,51,FALSE,0
e1238b76-48f5-4597-8f59-ccf585edd674,40,FALSE,0
fee4f015-3215-46cf-b6e2-49511c46ddaa,90,TRUE,100
66a6db72-1ea8-423d-be24-90248e336440,99,TRUE,77
a55da184-20f6-435c-8210-672f958d474c,95,TRUE,116
7f9db2d1-30b2-4e85-9fcb-39ebe153ce4a,95,TRUE,87
1c3c1cf2-969b-4f1f-9498-b5f50ebc194c,95,TRUE,119
f3b31a5f-4110-4ee4-b4de-707eeab27462,95,TRUE,106
516d40ce-d32a-420a-b33d-8a9803bc1c64,93,TRUE,108
834115ac-9ac4-4432-8d53-191e8ce2ba4c,93,TRUE,71
2e2b46bd-657d-418e-ad7a-56f5a9a85a88,58,FALSE,0
894aa531-d0cf-44d6-8847-7bbd547b0579,49,FALSE,0
4d8d5830-5392-45f9-bf3d-75c070492a1f,83,FALSE,32
5d830ca8-9e48-4cc0-82f5-6e2b8e705a76,92,TRUE,83
96067cec-d191-4345-bb90-0ebcd85f4974,94,TRUE,120
6616f134-cc1f-46d6-be78-cd67226d2d61,91,TRUE,109
26a015d3-74fb-4044-a145-c766468de95d,90,TRUE,90
361c1408-5f86-4174-8771-27634e977181,80,FALSE,9
eb2b9e1b-42ff-48c8-8e68-47a31ef073e9,77,FALSE,13
7326f112-1c3d-4d60-aeaa-8c29daf74685,53,FALSE,0
5a1df429-44de-412b-8925-3ac334f7c09e,37,FALSE,0
667cae0f-9c0d-4ccc-82e5-48800aeab187,23,FALSE,0
df5307b2-343c-4531-ba7e-3274e6636cac,91,TRUE,100
54a628c0-557b-4adf-9532-58fb0c52682b,91,TRUE,0
a8db7ba9-6329-4558-b0a2-8fb38fb2df60,93,TRUE,90
dca125cd-ba67-4f55-9f5b-99141df3d62e,79,FALSE,28
da06b5dd-8dec-4401-9a31-2aa00655635d,55,FALSE,0
e2442088-cd5b-4c7c-9fbc-73bd6aad24ca,95,TRUE,114
e3929e99-8e54-4fe3-972e-a5408ea36f8e,94,TRUE,56
f2d45a57-2e68-403c-a135-dec9866952c7,94,TRUE,116
7aff4c75-ab54-43f1-995a-92fcb1f6469d,94,TRUE,80
78ffbee4-e6dc-45e5-b3a0-bb3bc561685d,91,TRUE,80
6986a570-f981-40bc-a142-5bec6020b021,90,TRUE,102
97a1dad4-cfa9-49fa-ac95-574f0aed8032,90,TRUE,60
0237a334-2f4b-443d-b883-6546e0887cb2,54,FALSE,0
5436a0f4-843d-4c11-b130-e6fdf4f3588e,43,FALSE,0
bce25aae-577c-4803-aa27-cefe3dfa48eb,91,TRUE,97
e9af0c4f-9b57-4406-a1ce-688fadd13255,10,FALSE,0
3a38d262-ba63-4ba9-be76-2033efa2f864,94,TRUE,122
0f6c7a57-2ef7-4992-87f2-14f362c1ec07,90,TRUE,101
6982b329-f00c-4e15-8b17-a125f9262891,90,TRUE,100
f5438abf-74fc-4eaf-869d-f493b6cae39b,89,TRUE,65
4b27ef17-9d91-4b80-b44c-551030678917,87,TRUE,80
3d78563e-2235-4628-8a78-5ba4f7e763fe,85,FALSE,42
e92ed0f0-378a-44d8-b617-255b05cbbf5b,58,FALSE,0
829929eb-f145-4e2b-9bed-ba174e78ba67,92,TRUE,106
9c1f7330-9f93-4f30-9e91-5819b300b223,90,TRUE,60
5f764a6b-5eb7-4a15-9e37-1d92994fe108,95,TRUE,123
09850b31-275b-430a-bc31-0c4c727f54ff,90,TRUE,81
4623b016-013d-475e-aef8-d5e5c2c0e68e,89,TRUE,71
ae73b10b-118b-45bd-9ece-157d1b60048c,86,FALSE,33
2a56ca96-c03f-4047-8763-1158283f23d1,90,TRUE,99
ad3d880a-3c5c-45e5-a81e-1baa1b2d796c,53,FALSE,0
128ab73f-4406-4df0-8956-efa979d747f6,90,TRUE,62
ee377e72-0f88-4290-814c-614e4bcedfbe,94,TRUE,113
71bd4d0c-c51e-4507-b73e-3f673f905d5c,91,TRUE,77
873d134f-3c6c-4e01-93d5-86742b148668,5,FALSE,0
dbbbc8f5-b9dd-4e05-b793-8171e779c3f0,90,TRUE,83
803e226c-a8e9-498e-9102-de7ef02727fb,89,TRUE,78
8f0ca955-a9cc-4732-8a86-7d020ee10bd1,46,FALSE,0
0fc82199-9021-43c5-a8b1-54ba1836f520,36,FALSE,0
9e9ce9aa-998e-45d7-bd57-6554cce7113c,33,FALSE,0
ff9dfaca-a472-47b3-a7d4-941442c3c5a4,15,FALSE,0
7fdde598-9041-4bff-a09f-07790de2540f,90,TRUE,79
6ecad3e1-6acb-4749-9fcf-efc9b9b115d9,70,FALSE,0
7dfaa72f-d669-453c-a8d1-f5f818ae5345,91,TRUE,62
41bfa446-6ad1-4622-94b2-32663554ea53,75,FALSE,11
f09390a6-8e24-4e17-81b7-21ea34999e06,39,FALSE,0
395ccb32-2bcb-4af3-b8a4-5e3bf5f84a66,32,FALSE,0
4abaadf0-2897-4ecd-9e6a-ec6faf835659,26,FALSE,0
2411a91e-9eb2-42f9-b4b0-67f4ae0b60ed,91,TRUE,88
7700ee88-f0a6-4935-b7ad-b67ba04e9d43,91,TRUE,79
8fa477e5-a605-4ae0-9232-72e7c5493611,90,TRUE,82
09351aa4-031d-4c11-bdd0-747755d75727,74,FALSE,12
ccb2bf34-4278-4992-9f5f-6b40e43511f0,71,TRUE,0
f7f3ca32-2588-4ff0-a67a-2637fc32edd1,41,FALSE,0
8454bcc9-7169-46da-9812-f139fefcffee,37,FALSE,0
f0706354-f8db-43f6-ba44-40fd85c7a3f9,91,TRUE,126
1c08c51c-d66f-4ca1-a568-aae70a83a4ad,71,TRUE,0
670d9ccf-01b4-4a45-a8e3-c2ff8ab5f12c,89,TRUE,61
c539de5e-e8dc-4f40-b899-fb453719ab15,90,TRUE,85
d6ee54f2-5e45-4c2a-962c-300e91f4702e,73,FALSE,9
578a61a4-87bb-4751-926a-8b303970172b,72,TRUE,9
a309fb58-2ecb-4c9f-b2d6-e1a5ae7c0f69,70,TRUE,4
0da8a221-8997-47c2-92cc-5fa610cb5f33,40,FALSE,0
cc2e374c-07dd-479d-8481-c1cebab66b57,45,FALSE,0
2669df54-8e8d-4e42-bf15-2a4be835faf7,89,TRUE,67
eb33acdc-e8a5-44e5-b349-6a92c6deaebf,97,TRUE,130
6b11de38-50be-45b3-b275-0de0b435bca1,98,TRUE,126
803cc852-a898-4c5d-b16e-f59f50a06124,96,TRUE,123
c281bafa-1a7c-4f97-ad5f-1973d43544d9,94,TRUE,68
acfe7ca0-d27c-44c5-a618-91813f929146,93,TRUE,83
f9fbda0e-a535-4d45-8669-9f8afcc2003c,93,TRUE,4
9a380cd4-a3b8-4dcc-a7bf-2d2c39393dec,93,TRUE,122
6c8bd1f5-1033-4740-b8fd-493d8e7655ef,91,TRUE,47
c2756c6c-8943-436f-a6d6-ef9e79d3a667,91,TRUE,87
99b8ee6b-ae06-43a9-9aa2-38c805b66ca8,89,TRUE,82
64ce1603-7c20-49e0-ad35-b3e893e01d84,88,TRUE,66
baa1dba8-5575-4d95-aeb8-d90b54d00294,85,TRUE,46
0c7e683d-56ab-4623-8682-24d28baeae65,85,TRUE,54
134f74d3-8cbc-40db-b86c-f1ab28b4f19f,89,TRUE,90
095e00d4-10ff-4f75-94b2-2ec0128c776a,80,TRUE,56
0e7c47a3-462a-4ca5-a456-f9d7a65ce9f3,78,TRUE,25
a064ee11-4553-4780-ad07-d9604a8f2373,37,FALSE,0
11c6a3d2-fb6a-4428-8b53-9c2b113faf78,23,FALSE,0
c1966ec1-4061-4163-be2d-ebd0084c6d9f,36,FALSE,0
1f43385a-8b38-4d15-9037-fc344790a23a,93,TRUE,112
3f24852c-0428-4966-89df-2b59ab27900e,89,TRUE,76
8acf5435-0251-42fc-985f-b8251c7d6f65,92,TRUE,76
fa3d978b-b80c-4e5e-8e1a-0c6f50e994fa,71,TRUE,8
3bc51bf5-4f4a-4847-b36a-17987b6e577f,61,FALSE,0
8d0f2918-1e12-4ec6-a58f-7d4b73aa086c,7,FALSE,0
2816b2fd-c9dd-4b99-8150-6d5fb4a50e38,93,TRUE,28
d446d118-71f2-437a-8403-15be915ac656,72,FALSE,10
1440cb8e-0dec-4234-8ba0-18c154a19b45,39,FALSE,0
dcc63469-5aaa-4a03-be7e-bc0f12400b75,90,TRUE,106
c307b53c-2d44-42e5-92a9-7de4f7d82ca5,89,TRUE,65
33b80403-4be3-4765-887f-5a5cb46250c8,92,TRUE,80
38dec4e2-5d0c-40ad-9c52-2e035a0e46de,90,TRUE,67
7cb44259-a6de-45b7-81f3-68fa64d0acdf,89,TRUE,61
ccca5ac4-4885-4461-862c-02161c226067,89,TRUE,69
3d591077-7588-4006-b646-55188a07a120,85,TRUE,30
88e3571e-ef34-414a-b1e3-411d895df8ab,73,TRUE,8
9c9346ef-16d4-4dcb-b274-2d3894a9d71f,74,FALSE,6
f59c8c4a-f19b-4dd4-8cf9-f32fb6fd281f,67,FALSE,0
b083fa5c-ce64-46cf-9692-13b94d0a02e9,44,FALSE,0
38631843-bdf6-4186-85ac-211f454711eb,9,FALSE,0
731ba9db-0a5a-4d1f-8093-e0bb6e04d1b7,74,FALSE,15
20dcd783-d43e-4992-ae25-999e9fd57fd4,91,TRUE,119
733d4d88-5bf0-40ee-a046-e494bb11b555,94,TRUE,113
f55d0a21-8fb3-4e71-b598-e75b29751cf4,90,TRUE,81
5919f5ee-369c-40f2-a1d0-532618e3ec35,89,TRUE,13
4366f0ea-5376-4b3a-942b-fdc34542077c,87,TRUE,62
5a8ded76-0b1b-496b-a430-298ddd3b6dd6,87,FALSE,49
d7c79df8-5d45-4fd0-902d-1975a88b681a,85,TRUE,45
232271fd-170e-42e8-b255-c5642affbc64,84,TRUE,26
71a6cda5-891b-42cf-a974-cc1c18636f1e,60,FALSE,0
157c5963-075f-4220-8ea0-58f95db588df,14,FALSE,0
f75d4837-d84c-49eb-834d-0e68c387d47d,52,FALSE,0
7c43951d-d296-408c-8d08-dcca42cae6ba,70,FALSE,8
e3602eaa-2e1d-4c80-92fa-792ae57391b7,96,TRUE,122
6987ff36-9697-4d53-85dc-75e720147042,97,TRUE,103
d78126a3-f7fb-47a2-9b7e-85f696ee3299,96,TRUE,121
3bfee758-2054-4b98-8639-d4dfeacbcda2,92,TRUE,97
30ef4f6c-a3c5-441e-810e-ac7ce4201caa,90,TRUE,93
37dba5de-0508-47b1-a950-38e6efd969b2,95,TRUE,113
e23877c9-8ad0-42d4-b281-f050e67a6136,90,TRUE,78
d2cc8ebf-e813-499f-aa0c-e497f019e145,90,TRUE,92
2216f382-ab02-448c-a649-6906e5d40c2d,89,TRUE,98
a1f55453-afcc-46f9-9a69-70b81b8dc2fd,88,TRUE,59
9607b0c0-44ce-4bbe-b162-8b53e52aebae,84,TRUE,70
89c98856-857d-476d-883d-de6d74f29f5d,82,FALSE,20
14cc9f12-1cd2-40ec-819f-9f4b43e8d7e7,79,FALSE,22
00559c94-7c56-424f-8848-64143f31900c,44,FALSE,0
77262168-1e47-4a68-8a43-0978e083e62a,35,FALSE,0
ce34d956-2ede-4101-a07a-e8969f18e9ac,91,TRUE,116
be64354f-4741-41e7-977a-80c5035c740e,95,TRUE,111
432c85f4-edad-41dd-ad06-4e6c01edf906,90,TRUE,54
4e608211-8692-427a-8735-30247c9f110e,90,TRUE,75
f48d1dba-b304-4109-a2fe-92e1c23a8a35,90,TRUE,72
0679a0ed-339a-4478-8ea9-5fcc0e373293,90,TRUE,80
6783db32-2e9e-4036-9974-777ddc421d41,75,FALSE,18
712644c7-f1b7-4e9c-9b55-cbf457801652,17,FALSE,0
a17373db-70aa-48a8-b872-a539c21c4165,8,FALSE,0
f3051e20-7691-4517-9669-65b5ebc47b2c,39,FALSE,0
3df6b508-feb1-4a0b-971f-d6a41f4d951e,97,TRUE,0
5d0e6b7e-fb47-4d49-8efa-d5e53752c066,96,TRUE,121
0449b68d-157d-4ab7-9bea-8fecc418aef7,95,TRUE,5
b2d12803-c601-43e9-8db4-0fbdd664c8b0,95,TRUE,106
e4a62c7b-2fa6-4828-9409-22aed7dff4f7,92,TRUE,108
e3a2e7d1-5d2e-482e-82e4-35540526f034,92,TRUE,102
61c33a78-3bfd-4b2b-8572-fcda8f4a1ed4,90,TRUE,109
8538dcc3-c10d-40dc-9ed3-ec29a99baf4b,94,TRUE,120
cb543612-1760-43c2-a348-4cc29244de34,94,TRUE,108
00972ac1-2a75-407b-8bb5-64d417e0ed88,94,TRUE,51
9537640b-8562-4a9d-9c49-d838373b0b95,93,TRUE,94
50e20da1-7888-4303-ac18-a71129e9c7ca,89,TRUE,73
6e489f12-9d10-4fa1-b5f4-dc5556077930,88,TRUE,73
58cd75f2-480b-493b-8845-40262cfbf0a8,86,TRUE,54
bb01e046-cd50-4fe3-8cb4-d4a420a74dda,82,FALSE,21
7d38525e-1b30-4057-a1ec-a88b818382a4,55,FALSE,0
7b54c9cb-6c1d-4936-b309-1b978044a714,32,FALSE,0
c065d6d8-d72d-4b87-8442-6bfcabcaf05d,97,TRUE,105
ad8a0427-9748-4d04-b03c-9a00566e0ed6,97,TRUE,131
02901192-a8c5-4961-a6de-960dc4ae74fd,94,TRUE,77
120f5cc9-5d25-4043-8352-9df049443cbf,94,TRUE,95
29644e45-f97a-4034-8238-30ee7139ff48,93,TRUE,76
59ac3d9a-dd17-4492-816a-76dd9cbb6173,92,TRUE,93
4441e84d-8929-4e49-9f05-fa11cac9bcbd,91,TRUE,102
f52b1909-c090-4308-a76c-21f376a76248,91,TRUE,102
255a5751-db50-4498-9526-285cc30d96a8,90,TRUE,88
ba475e89-a50d-454b-8745-cb4035c921ca,89,TRUE,74
84b7124e-477e-4961-ae70-55c95a1d5d54,89,TRUE,86
47a75601-f0d2-4d1f-a362-df1965ea9cf1,88,TRUE,53
0e101367-772d-49f3-bc33-4648007296dc,98,TRUE,130
2853801b-eed5-4755-b313-7a5af6eb992e,94,TRUE,114
e724870e-1636-4285-9eed-5f753768510f,94,TRUE,121
273a210b-1508-4a93-a494-7b4dd6a8d3a2,93,TRUE,119
54c31cfc-06f4-43a9-86c8-e3494aa75a6f,92,TRUE,115
9cdf810a-101c-42e6-a57a-7161a6eee22b,92,TRUE,104
8c9bc0fc-e025-4655-ade7-dbc265fad6d4,91,TRUE,85
62889705-b1c3-4df0-ab0c-dc23a87b4464,90,TRUE,88
f3ff0e6c-04e3-40ed-9242-d110f624352e,90,TRUE,85
507c1395-bc8d-40d7-8a41-37f0b61be943,90,TRUE,100
f57a2084-1516-4a84-96cf-1c87487245f8,89,TRUE,112
126bcc4e-3bf3-4631-b9b8-eebf884db4dd,88,TRUE,85
ee92da84-4659-4aed-854e-f26471ca50c6,88,TRUE,62
d59e826d-61b6-40a6-92b7-102449ab85b2,98,TRUE,118
7d05f098-7a4f-4594-950e-6fdf0458df2c,91,TRUE,62
0e3fc265-425a-4f8a-a84e-228dd34ad7d1,90,TRUE,98
7397075e-f3ca-41d6-a23f-0bf76fa022fa,89,TRUE,68
66d0a1b6-29ff-47ff-80af-3415499cf896,87,TRUE,16
2c71d447-70b9-494e-ab0a-f9d67bd79707,86,TRUE,62
debd05d8-da0b-44af-bcf8-badd1761c101,85,FALSE,49
ca60a9ee-4fb7-4250-9161-8b50b46d6664,71,TRUE,7
ae7b62ed-d829-40b2-895c-8a5fac752d7e,28,FALSE,0
ae896e47-bbb7-43ca-900e-ba573ad4a09c,8,FALSE,0
ca6ab312-1d32-45d1-aed0-85aa86ba5827,12,FALSE,0
8087ae87-18d4-4d24-a184-fc473df95669,90,TRUE,102
064453cb-aaea-4001-b3a4-c6b579f448e7,90,TRUE,108
e4e908e2-0c1f-4352-9f60-73989f07e039,88,TRUE,87
5f0ad84f-9878-419f-906f-da583fc605dd,84,TRUE,0
cbdde92e-c77b-4a16-9804-ae84f70e7217,66,FALSE,0
1b3ca84a-cbb4-4634-98b2-78fbe6064db9,29,FALSE,0
a1dae4c0-2d52-42a6-aaaf-90308d3f2694,30,FALSE,0
f77a409d-db33-43d3-a98a-06fe02bc3cea,10,FALSE,0
58ed9ce8-871d-4c32-90d3-64d8776816b8,8,FALSE,0
559646b9-979a-415d-aa04-e1e0d497d129,4,FALSE,0
9bb6564e-3838-4899-8d24-ccf07f743cf6,95,TRUE,114
c9a882c4-58a0-4fb4-94a1-2e1597099180,95,TRUE,131
12cf6f65-52c1-4d6d-9d19-d9d8015223a7,95,TRUE,120
1bbc15de-c657-4fd7-8853-0a6b58d983b6,90,TRUE,81
7de722b7-a35c-49b8-b0db-da1b89e69a0a,88,TRUE,91
b4abff60-c95b-442f-b983-2fd802380cd4,87,TRUE,73
c3e5e449-3b49-4120-ba6f-7a3fb0a1bcc3,88,TRUE,66
c58f53c0-c371-4cc2-9147-2aa34199b32c,87,TRUE,72
4b02cd86-3dc6-4172-8cee-e1d9ed4ba8ba,94,TRUE,124
7774e724-75e8-4f3e-9715-6d3834038a6a,86,TRUE,66
e44bad10-db1f-4836-9f52-8018896b06db,82,TRUE,0
37ab6157-7af1-4366-a22a-edfe02d69398,94,TRUE,98
b121b74f-0471-4ad0-899f-f369c7e59fe1,64,FALSE,0
009ffa54-a46a-40b8-9b32-3d3133b7140e,62,FALSE,1
50af894f-72e6-4579-9311-1dfa8067cff2,60,FALSE,0
1db545b0-96c8-4e7a-ba2d-c71553937afa,42,FALSE,0
e275c2b5-3966-452b-9190-cbc9d7628794,26,FALSE,0
baa5e240-30eb-4501-b7a4-291424ac7fef,21,FALSE,0
fe7a93ca-259d-45bd-8295-00870ab54426,67,FALSE,0
2c338414-a159-428c-ab63-03cc8a12775c,5,FALSE,0
1d335ba6-1da1-40be-b22b-b444dbc3f1f7,90,TRUE,60
eaa98efa-5f82-48be-9a8b-8735ccbaddf2,88,TRUE,105
64869120-2ae7-43c2-aea9-1dc98c86bfb7,88,TRUE,78
8869435f-6591-4031-9b34-782c3f67e5e1,82,TRUE,23
e6b9c9a7-47cb-414c-8fb8-68d375ba76dc,76,FALSE,6
09a1ba9d-4282-4735-bbf2-45be37942148,52,FALSE,0
8bdd2668-d3de-4ca8-849e-98cadb4bf951,51,FALSE,0
bcec2c73-94e0-4f60-aa04-d73ca2fc3b4d,44,FALSE,0
40a70e1f-f633-4a71-9c40-4afd06479631,31,FALSE,0
3ca1836e-f623-4c1a-888b-ebbcdeb9382d,16,FALSE,0
c94726c5-5184-418d-a2de-6ab01113645e,16,FALSE,0
48901220-f237-4fec-9ed5-51f0dd3d165a,89,TRUE,105
7039d281-a9f4-405d-8087-18c47f84c3ac,55,FALSE,0
67ed4444-f7ca-4810-9fb7-478724e1493b,95,TRUE,125
d24d0377-fe04-4284-9fe7-4e775a0859fb,93,TRUE,110
9ff36219-c133-479c-b605-91cbd870d094,91,TRUE,76
17ac9df2-122c-4597-b6b7-a1e161521e55,90,TRUE,67
846406cd-abff-408e-b111-632d26891984,89,TRUE,89
6d34f4a9-195f-4e1b-9359-19a5bf2c6eb6,88,TRUE,46
2b8dddab-2780-4b87-b95d-284047e14720,87,TRUE,61
baaf6b0f-982e-466a-9b13-c7d9d2634eb4,60,FALSE,0
424515ca-b026-43e9-97e2-eac801467964,52,FALSE,3
8348e06f-5eb1-4540-a0a7-6d36213caf13,21,FALSE,0
c57a0e4d-b130-4981-a85f-87c3a1f69095,7,FALSE,0
ec00eaf2-3545-4584-aed1-db95a2e32f06,91,TRUE,124
172a45f6-1b03-4c18-b41f-9ee15a4a4d2e,98,TRUE,102
c004557f-87ed-4a84-acb4-a1da34a00653,95,TRUE,127
d4d009d3-fdde-429f-88b9-2ef7293e4530,94,TRUE,113
8429fafa-1b8f-45f7-adc4-5bba77486be0,93,TRUE,113
de1e5d71-67ef-45a4-83c9-239e56cfdf8d,95,TRUE,120
2f85a26f-5e4f-48db-9e82-038a84f47e0e,92,TRUE,89
1b04b2c4-0427-489d-9ff2-a948df903c8e,91,TRUE,104
916b61df-da54-4390-b222-9d70d0e8b578,91,TRUE,91
9f5d126f-fbc4-4f82-b523-618895d713ff,90,TRUE,80
c146c5d8-308c-4ee8-a5b8-14dd5ed66d68,90,TRUE,79
3bf213d6-77f8-4d9e-ad70-7ce68142867d,90,TRUE,102
a938db3a-7be8-48f1-8336-4aa4967d7c48,90,TRUE,91
08ee46de-809b-44c7-81a7-9e33ebde1b87,88,TRUE,99
fe720f85-bd1a-4b2c-9b80-703f29315d56,87,TRUE,63
39026c9e-c992-424c-ab8d-d179b62c6276,87,TRUE,66
9aeeb0d2-ffc9-4fd2-acc3-e383a6e5289a,86,TRUE,59
879b4bbb-e985-4f44-ae56-d1b6d029664e,85,FALSE,38
50de9c8f-c2d1-4bb2-a911-f7f80ff4ec6a,85,TRUE,76
f2556b70-579d-4954-a97a-274b9bb24530,97,TRUE,119
7c28e6ce-25ac-4c21-b400-817cf0baf385,95,TRUE,117
ce106484-6211-423d-9005-8b6712d52032,95,TRUE,110
49aadb46-9de8-4d1f-9cda-4acdbcebeb2a,95,TRUE,123
38ece5b4-e156-4f92-9bbf-f4bf0d7409fd,93,TRUE,118
c1774286-6964-41a1-8595-2f367eeda317,93,TRUE,111
005f4637-a0b4-4bdd-a636-9b291176d31d,93,TRUE,130
4c303d9e-2387-4fcc-8078-99286a7b6998,93,TRUE,110
39c5928c-1d6c-4dc1-97b3-72eac296e808,92,TRUE,106
8bb4a81d-8032-435a-97fe-a611f6120212,92,TRUE,100
31e97b64-a4ab-409f-a465-fe0e1491d4d0,91,TRUE,121
9d5108b3-a079-42be-8e69-1d94e04f2b39,91,TRUE,0
a407a44d-f14c-4569-a68c-296123f60a44,89,TRUE,71
585e2089-bede-4f6d-bd80-e6f5343524ab,88,TRUE,63
7b518710-a5cf-4101-9201-24b403ead406,88,TRUE,78
679a6daf-2f21-408d-b87b-0781a6319677,80,FALSE,18
05eb6fc6-dca0-4b84-ad59-ba4d6893bc6e,58,FALSE,0
a7667b18-0a23-4475-b8ca-c69f74734c8d,17,FALSE,0
18e6bbcb-ba68-46fb-b895-652a9b6b27d1,96,TRUE,126
e6ed9662-e757-4af2-8ec9-d3d0a3832dbc,95,TRUE,118
ede039d6-3296-4022-acdc-a5f1add9957a,95,TRUE,119
a9b2def6-6e1c-4e4c-8262-cfddf650773e,94,TRUE,93
dab94692-457c-4ab8-bc14-cc5c7588a8ee,94,TRUE,116
f83da629-ddc0-4ead-b73a-a64ad8d85e75,93,TRUE,89
baa5dad6-07a0-4c58-8063-b58eb1612599,91,TRUE,118
d32c5344-796d-47ed-8e37-65623bbe3a64,91,TRUE,97
f6592a64-a8f8-40fd-9b9d-6ff9cda2394d,91,TRUE,94
4a878228-f74d-4158-9f93-27080782ac41,91,TRUE,111
e782300a-e2a3-4765-b39c-0c6addfbe650,90,TRUE,22
e08a0760-0a40-42af-b0a5-8560ab18704a,90,TRUE,111
cac06e81-7b4b-4a74-96ce-d92636a123fb,89,TRUE,72
1b1336c9-af9d-4eb8-91d4-54e3694a2d16,89,TRUE,106
e133bcf5-7cc3-47be-9821-9052ec9079e5,89,TRUE,75
d99e63c9-d7f5-48d2-91e7-9d82d6bdf8f7,88,TRUE,67
03c67534-0c61-419c-9507-a9aafa02a955,95,TRUE,112
507d655e-10f5-462b-ae19-3564cbd6d3ec,95,TRUE,124
fbcb6cc1-f82c-4d51-9929-1466dd979c93,95,TRUE,108
7a9533b8-38a2-44d6-89a2-dd9d20631d12,94,TRUE,114
57b686d2-9ea7-4e34-80cf-88f174f40ca6,94,TRUE,100
aab26f37-4ba4-4595-90bc-2b335a4e028e,92,TRUE,70
b6bf5fac-fe3c-4f79-bf99-09eb941bb521,92,TRUE,106
62c05f39-15b3-4101-8ee7-e6f3fde3afd3,92,TRUE,103
89e5216b-4398-4d50-8d49-99f1e8d27e1f,92,TRUE,111
796ebfb3-74a9-4986-b274-7b03cdbfd6b8,91,TRUE,113
728f7bc6-6866-4159-be10-8982072a3f9b,91,TRUE,97
71494c43-339e-44fd-b7a2-fa195f61e615,91,TRUE,100
a8966bdd-35ae-4f99-935e-e3b3f12968ba,91,TRUE,59
f5b93b5d-a255-4cbd-9134-2b3b38f656aa,91,TRUE,112
6be5e3b6-6206-4ee6-8843-319b3b8b9128,91,TRUE,84
0c60ccc0-f496-43ae-94b6-51eebc6e438c,90,TRUE,121
fd0f9f5b-2acb-4dfd-88ec-50ddad1fd5ef,88,TRUE,84
3062c293-d0f1-4116-803d-42b8e32c7bd3,88,TRUE,91
dc38b2d9-721b-4a8b-9e28-d73697c3d28d,95,TRUE,124
16f97763-91f0-40cb-ba3b-27542ebf8e1b,94,TRUE,84
dad64275-5c56-437f-bda9-fdd7c20858bb,94,TRUE,105
efb67c56-2abd-45e4-ab80-414d52f0093a,93,TRUE,101
663b3e0a-5e0a-4386-8a80-8e1cb5dd90f5,93,TRUE,46
57491273-18fb-4602-9a06-63b663af699f,92,TRUE,98
c45c4d84-18a9-4277-ad63-c4e1837c4398,92,TRUE,112
30ba3280-8144-4608-9770-ff6635298b73,97,TRUE,125
d6bada87-9f2f-4e4d-9eaf-791f41246801,96,TRUE,125
8732cc0a-c494-44c9-b287-0a11a003679b,96,TRUE,106
222a3673-3754-4920-a757-c6cd151c8ea8,95,TRUE,21
a08b0ac4-1b8f-41b7-9a91-3361a299a5fa,95,TRUE,119
42b46e90-184d-4aa7-81bf-30c3f758b352,93,TRUE,94
6ff435ce-5dce-461c-8a2e-13731c1455fa,89,TRUE,81
328d4409-d8dd-41c6-9474-ca6331fc6deb,88,TRUE,90
f1802bb1-585a-4842-b69e-f55af606597b,88,TRUE,108
d5011ef9-f096-438e-aab7-b131f9fc71a2,85,TRUE,51
6a3a5bc9-075c-4b4f-a20a-33394a7d8ede,84,FALSE,3
7dde12ac-0d87-4762-8103-aa4b16cf0369,19,FALSE,0
df173433-af70-47d4-94aa-194c4dce9f91,91,TRUE,80
9c783f2b-7650-4331-a03d-7b94f5751b4c,98,TRUE,114
8b899249-119b-4406-958f-41be0b6b8628,96,TRUE,124
4a8e061e-e720-4f1a-824e-8cd40e6d8484,96,TRUE,111
54c36caf-54d4-4899-b98a-a8b8898704c0,95,TRUE,115
d73de111-dc53-40e8-a068-c763c8fa70b9,94,TRUE,118
d4cb725a-e7eb-4156-a0f4-b62ca611041f,93,TRUE,78
db716992-a194-4c8b-931a-c43be9fe490c,92,TRUE,124
0344ad3c-3be6-4a07-8e31-22622bb67017,92,TRUE,91
a7531c8e-6f40-4125-a02f-1c160b451733,92,TRUE,53
be9cae0b-936b-4046-a3e8-a981c44fd92d,92,TRUE,71
31d54a02-ee12-46ea-8237-10f4ebfc3434,89,TRUE,80
13842645-c44a-43ea-bce9-17ebb5fb51ee,2,FALSE,0
61394427-1331-426d-abee-164d1dc1c72a,95,TRUE,122
589a092d-306d-4fb5-9447-81d43cb05bd7,88,TRUE,102
e8b66c94-fb87-449f-8dba-6cd03c809b81,60,FALSE,0
3e6d1f95-f87d-43f6-9627-677c4c411fa1,11,FALSE,0
056c07b9-1d7f-476f-b2ff-5fda678cf8fc,6,FALSE,0
f4a02b04-34be-411f-b051-f0f70e7f32a2,10,FALSE,0
0a661c6e-d9d9-46e8-abe4-1db1b4b09a0b,2,FALSE,0
11b21bcf-f5bb-42e4-ad9f-ae4f75ecbf56,96,TRUE,119
cc825d9d-27bd-4d53-bee1-1dc5e636592b,95,TRUE,119
07baaa70-3429-4494-b30f-664e5aba37cd,94,TRUE,77
6e5d1b71-0df7-4e48-b869-564f0a19604c,94,TRUE,107
5d2ed07c-f952-4866-9079-d908cec53f7a,93,TRUE,1
41be6334-e725-42cc-921f-c5a85169531c,92,TRUE,109
f083328c-e29c-441e-847f-993dc76e407c,92,TRUE,15
e9221caa-1fa4-4db7-8fd1-8f6568f4706f,91,TRUE,124
4082be54-e426-4f2c-8e56-b2cfc150747d,88,TRUE,72
6cdfeaad-f068-4fde-ae9c-ff603eced2de,87,TRUE,1
e916f328-6c84-4c70-8b0d-e19fb71efe39,87,TRUE,38
72c5ced6-deed-4a1b-824d-085d2942b8fd,80,TRUE,28
7f935827-7768-418e-af9b-9a2cea9c2a6a,81,FALSE,41
ca6cf5c0-ed2f-4307-87cb-782700ff7e18,78,TRUE,35
2e417d5d-e2db-4923-b732-d1ec404254a3,70,FALSE,0
01b2568d-cf00-42e1-a759-68fb7659e6ac,65,FALSE,0
4b39a812-ac25-4761-a588-ab96c8e323e1,53,FALSE,0
8d382567-4c03-4219-baf0-c7a98b4afad1,56,FALSE,0
39bf68c8-0028-4e10-a095-b79a15917a1c,89,TRUE,0
be260043-a5c9-421f-83f3-594d9e96840c,87,TRUE,56
9119d74e-9d91-455a-9f25-fdd7d7c66eaf,95,TRUE,110
67690814-c18e-41ae-bba8-1e116cd6433e,95,TRUE,126
e392b414-9fde-4de7-bffe-e54facec5a22,94,TRUE,102
f33509c1-aa58-40f1-b9ab-727be26de92f,93,TRUE,93
8ca6bf58-3dd1-4fbc-8e8b-625c2f6efcad,91,TRUE,64
0e154ec8-99fa-464e-95fc-b38a2b643d44,90,TRUE,60
aeb9c7b4-84b9-40bd-a27e-64e0b22d9813,90,TRUE,74
323540df-0083-419b-bed7-e3bd337e101e,89,TRUE,76
9af1bfc0-5012-4b63-904b-99088e2b305a,89,TRUE,73
ab819c3e-7a9b-41f9-8d83-8704b87b6502,96,TRUE,115
ee4bb327-4e0a-438c-979c-f0c0da180f53,94,TRUE,106
a8098ac1-cc50-474b-9a4c-7d756a7e5f26,94,TRUE,25
1d419142-2578-4f1f-ba43-62e9c0f0abb8,89,TRUE,80
7634ecd7-054f-4943-af6c-623d0a435c8f,89,TRUE,0
9e038bfd-2036-4f05-857c-3765a01deeb6,87,TRUE,44
ea9666f1-4dd2-4bb8-aa53-a6e6d0354561,87,FALSE,67
5c7b297d-ba50-4c32-9db0-1c11d4caa603,95,TRUE,116
aac04f0a-c015-4d73-8549-868b23246b92,92,TRUE,99
92e41213-fa80-4658-9909-f19066a33c77,94,TRUE,98
0067f1d8-61e5-4757-8590-44838ca9cf96,94,TRUE,109
730459b6-d90d-45b0-9794-6c8fb4fc5ebd,93,TRUE,115
41adecd6-02fc-4203-bef4-4ad489b1e940,93,TRUE,100
3b5c7c35-74e8-4d63-bd29-143abe2d8329,93,TRUE,126
a3082136-1c34-4c11-ae2c-ca44e5eb6281,90,TRUE,89
57f46b67-cff0-4628-800b-834c6d44b2e4,89,TRUE,83
a95c69ca-7ac4-405a-a7f1-78035213c24c,87,TRUE,82
df2b484c-22f9-4486-9263-b4f8446754d0,86,TRUE,47
fe0051c6-9caf-4c8b-8fdc-69db607f8263,85,FALSE,53
dbcc2ff1-89dc-48bd-9513-af4595fb4f7d,83,TRUE,0
a411e2bb-10b7-4532-8cab-ae2d1c52abc5,82,TRUE,10
fa3d89fa-4c01-4322-9492-351917d0e0a8,80,TRUE,23
87b2ad22-f22c-46cc-b2fe-125188ea17b9,81,FALSE,37
3b852b6e-8a91-46cb-99f1-4b84adc9ffb5,76,TRUE,45
5e0c1fc2-bb73-4146-9c63-a6cf30aa90cf,76,FALSE,25
f3fcb972-d45c-45f7-9f12-12ecc230ce2f,76,FALSE,0
bbd05506-59d3-4548-bd9f-b43fb2974917,72,FALSE,0
6416f50e-ef39-4506-a4e8-695a0530b297,88,TRUE,83
b6b66381-80ba-40f5-ad5c-88a7cf346a00,66,FALSE,5
e85c8640-3106-4e25-b1b9-d99059b0a0ab,52,FALSE,0
57521a02-5608-4a72-bee1-6ccb2dd85c51,29,FALSE,0
158cfda5-38f3-44d2-8b58-0038332c7f1a,16,FALSE,0
47f6b434-c8f8-4a7a-9b09-a1b26ae233cc,95,TRUE,123
32fdccb8-221a-45da-a35f-8fb99d65c13c,95,TRUE,114
e2cfe561-4896-43e3-86e4-00a48d6dc12e,94,TRUE,73
8bd64f88-c22d-4903-a750-ac90d5ea3c0e,93,TRUE,102
ff84c6e6-91b1-40b7-99d7-12e55d228114,93,TRUE,113
467a5c97-c654-48d5-b113-9f8b4275941d,93,TRUE,113
2e36186c-95d4-4d4d-a15e-0ab8797dd650,91,TRUE,116
0df2022e-4edc-48cc-9364-3d1eb0c62e2a,89,TRUE,59
6e7f0f69-3198-40dc-8134-041986c067ce,89,FALSE,80
11737975-7ca6-4347-8f2d-a5977bef64c9,89,TRUE,38
ef01698e-6892-40d7-a9dc-49d620697f4c,88,TRUE,103
49015900-a6d2-4f47-a4ec-7c126e24a9fb,88,TRUE,50
02cecaf0-44be-4386-8e2c-feb0f69372ee,87,TRUE,51
a3b1700b-261e-4d40-b815-9fa965892bab,96,TRUE,126
cabc711c-eac8-47cb-be26-839a6684149b,93,TRUE,86
18b0cf9a-c344-430a-8136-ea3444b3881f,93,TRUE,106
8d4020f7-9472-445f-babf-36456d066c4b,87,TRUE,68
a8a4474f-5231-4f74-b615-1072ca05185c,90,FALSE,99
cce734a8-9d07-45be-806f-71894a07826f,87,TRUE,0
8e2b03c6-4d77-44db-9735-c6c9d4ac8d23,86,TRUE,30
821f9015-bbbe-47f4-8cc6-8d3db65ad4af,83,TRUE,40
8849855e-8cb2-4147-bdb0-eefe5853507c,81,TRUE,14
0f2aa1de-f534-45fd-b10e-3b05382bb3ec,77,TRUE,17
a0b94933-3e73-47f1-b18c-181115c80477,97,TRUE,82
ded7864f-7776-4b69-b315-80cdcf53be0e,96,TRUE,106
be002600-7325-4f63-a7f8-bfaad2d3bde1,94,TRUE,1
4e3eeee0-37b1-4595-af48-eb443eed8825,94,TRUE,110
c4a83f07-604b-463b-a82d-8aa7e3c419da,92,TRUE,85
9c87e767-bdd1-4113-8740-8de15371691d,92,TRUE,79
2bf1cdf3-bb02-44e5-94ee-1bbcdda69710,92,TRUE,103
997ae02b-cb18-4d9a-94b8-bb2856ba6b60,91,TRUE,103
7fd9dda7-af44-4aeb-884c-3cd6e4ebad17,91,TRUE,98
a237d0c2-f924-400f-a11f-70ec93ea7cec,90,TRUE,72
0ac854d8-543c-4280-85fc-8f15ec3e58d4,90,TRUE,25
d732bea7-2f83-466c-be37-e367e2ed4d83,89,TRUE,30
2ef4e7cb-abd9-4000-8e14-8d916b8b4d0e,88,TRUE,0
ca6eea76-48aa-479c-8138-7734d28a3e52,88,TRUE,74
a7562f6e-00d2-4b32-b264-81fbfe401686,87,TRUE,74
673c9852-c311-4a85-a1e1-9910ae53d3a1,87,TRUE,77
38b6b6ce-1599-46d2-a4d8-6bbd90ed9de7,87,TRUE,47
c1694e4c-c78b-450f-85d3-5320a3ded784,87,TRUE,43
c07b3a61-aca3-4915-895f-9e02eb10757a,86,FALSE,86
1c23b81b-f73e-474e-9bac-ba1bf85810f4,86,FALSE,46
1bc044c7-c0a0-4d54-8194-b4380e8a363e,76,FALSE,19
a9647636-0295-4887-a6cb-d94e30f07b53,73,FALSE,3
13e9a32e-8c51-4813-afd7-467f5ab01029,95,TRUE,104
a81bb724-f956-49cd-9e92-8af5114c5f39,95,TRUE,120
becb92ef-5c4d-46b7-a1df-551c0688f0c5,94,TRUE,100
24947721-5c53-441a-bf8c-be586aefa969,94,TRUE,105
baafd9a1-47ca-458b-8c6f-30b893455d91,92,TRUE,115
d359dfb8-4184-47f9-ba29-05d79d293cdc,91,TRUE,90
62b537c5-1fba-4d59-87c8-3adaaab53f53,91,TRUE,122
67296f1d-91bd-4358-b831-58aa8ace549b,91,TRUE,56
fcb0c503-4b70-4685-9f2b-3fb817402705,91,TRUE,119
c2dac566-a4a0-48c2-9ea6-f7a51c415c32,91,TRUE,108
2770ed41-984b-4541-9a8f-df8bcf964450,90,TRUE,118
785be471-9c57-43a2-bec8-51be910d0f6c,86,TRUE,43
a3f5a03c-cbeb-4996-8aa2-98599c696a4f,85,TRUE,66
721af947-8065-4a0c-8423-9a21d999df2e,82,TRUE,29
976d58aa-a54f-48b5-9fb9-1b6430c67ea3,91,TRUE,84
3988fb2d-89db-47e5-967b-1b6ce2b579cd,98,TRUE,96
dcab7aa1-6a72-4111-9852-519645b6a182,95,TRUE,126
6b2524bf-fac3-4f5d-9cee-b50a7a98ec30,95,TRUE,111
51c5d1ca-9619-4435-bf8e-e63a4ecca7b3,92,TRUE,113
020839c6-541f-43f0-8f9c-438bbf33a7dd,91,TRUE,103
4b7e6119-bd13-4f79-a6e0-32b76d74fbda,91,FALSE,37
f68feef9-1444-4690-8050-d943ce24b250,93,TRUE,125
9297b77e-a48f-4a4b-bac6-f87744e8e11a,90,TRUE,50
f46b9ee2-edca-42f4-912d-e675e165b875,90,TRUE,63
2d71546b-d526-49ed-81ca-e441f4b5e76e,88,TRUE,75
d79b6584-3f34-4267-8603-3c764bea7122,87,TRUE,50
b714e21b-67a4-4b05-b71a-1d119155aa39,87,FALSE,85
a3400a07-e26a-47c0-9786-5111ba7d1cbd,86,TRUE,83
e5255d69-73da-4cb7-859b-5b0332cfb953,84,TRUE,52
cc2f4233-977d-4d3d-8c29-7fcb0c4b36fb,51,FALSE,0
4e66e212-9681-4852-b376-5bf2a3bb4e32,29,FALSE,0
9800a8a7-0056-44c6-9f0f-e658e8f865df,10,FALSE,0
97d039c1-c959-4070-a7d6-65797ba775a3,92,TRUE,119
b12782cd-99fe-498b-b483-881511239959,95,TRUE,115
08751091-3bac-4913-8e6e-c9374a30d4ae,92,TRUE,104
de530733-ffdd-4e9a-afcd-83a3ed3c9ea2,93,TRUE,98
b2b2b2f5-01cf-4d3a-8580-fb6979ef341c,92,TRUE,73
35a87af0-aaf8-403d-abd8-b30106a361e9,92,TRUE,113
ae6c9b01-c732-4cd1-9742-a639d49946d2,91,TRUE,87
23020f9f-9eb7-4e68-b834-56091d69e454,91,TRUE,100
97e4c131-250f-4ec9-835b-6bc14b362de9,89,TRUE,63
1e3a237f-e6d5-49d7-9c32-44e0ccf1100b,88,TRUE,82
8b92ac6f-e8b0-4bae-9e39-d2072aceb917,87,FALSE,88
efeb0ee3-dd25-482e-926b-fabc67f3424b,86,TRUE,60
33b5c26e-3eae-4ef6-a6fa-2d2d3de81b22,86,TRUE,43
fe40814c-c1b4-4956-9f8d-8ca7e5671e2a,85,TRUE,63
3a05ee19-0f03-4684-8ce1-c74f0fe47ce0,84,TRUE,55
00dbe4a8-dee8-4c77-b8ef-b61691ef2d40,82,FALSE,48
d8d8e5d8-db15-4e53-851d-4fb293fd8ef5,80,FALSE,20
189cdb7f-3946-49b2-845c-eb4c49870267,79,FALSE,21
dd3d342e-6805-49ce-b5ce-bcb34ff9ac7b,72,FALSE,8
04bf0adf-8b14-480e-b731-4eeee719d941,90,TRUE,83
9eb6f2c4-d789-4c59-bd1e-28a8148006e4,19,FALSE,0
1b526d02-174c-480b-bb63-f261258cef59,87,TRUE,80
0b218c23-c27d-47e8-996e-e0b6dbca0023,80,FALSE,63
6267b784-befc-442b-965b-f00684f6b028,92,TRUE,0
750bb009-12b0-4370-8b37-7aa1f9c53a80,91,TRUE,95
fbf39d8d-a3e8-42e2-898e-5a33bb4157a9,91,TRUE,90
5c21bb3b-5927-436b-bd55-c0308ac9613b,90,TRUE,94
98321a0a-9e9f-4ae8-ab3d-b1ec234aa6ae,90,TRUE,66
d8d803fa-fcf8-4ead-8a54-409bf06417d6,89,TRUE,80
dfccbbab-01de-466b-b860-27e3ca74dae0,92,TRUE,80
5e2c689f-f963-41d5-8e64-47a8ef3a0b7b,87,TRUE,62
15013394-15e5-4bfd-8aad-a376c1908cc0,86,TRUE,47
de7bfdc5-5b32-42c5-a3cd-b23ece42315e,86,TRUE,33
8c4e0561-6609-44e8-9707-7dd35a04b0f3,85,TRUE,35
b02a3d73-cd31-4999-97d6-552ac7cd1059,84,TRUE,27
e70885a9-3f16-4950-80eb-1e8bf2c01010,83,TRUE,41
54cd00fd-fd37-4a77-978d-86fab3509edf,84,FALSE,12
fad9fdb7-2dce-43db-94d5-d0d2a3be3a98,80,TRUE,41
ab0da6f8-4a86-4733-b540-5dab2d172f50,76,FALSE,12
1cfa2d98-e66f-43a7-ba84-94c604dbd430,79,TRUE,48
a9694fb4-65f6-4cc1-8b28-6f40ffe6f413,87,TRUE,69
45fd1d58-5430-458d-81dc-c3e4f08ab9b2,61,FALSE,0
69c38eca-a3c0-4703-84fc-b298c8c67290,48,FALSE,0
6390ec8b-0d78-4223-8b39-b44f074fc6b1,43,FALSE,0
5754cbb2-85dc-4607-b2b2-d227c9f7df78,7,FALSE,0
540eb8d1-08b3-419d-8e09-ab458c7a26a6,99,TRUE,120
ef50bd8b-8ed6-4815-be1f-b55672a3abef,95,TRUE,120
2092e4c7-46aa-4c60-9eda-666f99e22883,93,TRUE,100
cc8bddb5-1515-46e3-9d88-4132cf60c34e,93,TRUE,125
77b9599a-ab59-423d-9d0f-ad2935a76269,93,TRUE,3
45161adb-b32d-483e-8ca2-c15d47f7d0da,93,TRUE,103
8f2c7b53-94ce-4b70-8a2e-cf0dd840a06c,92,TRUE,106
27dfebd2-1ad9-4a02-a09b-97ef5a68b832,92,TRUE,107
61de3229-4f6e-4fee-886e-114535752668,91,TRUE,65
abd1635a-8055-4290-a02c-42f7c7a00fac,91,TRUE,115
900374e0-582f-412a-984b-1815651dc4ac,91,TRUE,75
9a72dff8-3388-4823-9db6-f0327aa4f16c,89,TRUE,72
34fe4327-8c85-4702-a3f3-dfe9882e673e,89,TRUE,89
3bb8a1d9-0c86-4c61-8634-afaf36505766,89,TRUE,87
95f8298e-533b-46af-82cc-d10325b5339c,86,TRUE,0
55fc7108-174e-462f-ad3d-73460c62637e,86,TRUE,60
9ea581d7-a628-45da-85b0-3f107b59ab65,86,TRUE,42
1dea8efd-61d8-4b9b-abe1-347cadfa914d,94,TRUE,72
271e3789-7c54-44de-85fe-6d0a5feada64,92,TRUE,114
f321fcfa-060e-4351-b360-3bce4a70c90f,91,TRUE,107
9718d262-9376-4522-94c3-0aeb6254b9f7,88,TRUE,102
0468d5e9-c2fe-4795-aef8-1ce575dd834e,87,TRUE,65
4acd9f86-d94c-4383-a0cd-203dd13beb44,86,FALSE,66
9824fa75-0d1b-47ce-9754-031d796f03ba,84,TRUE,57
4d4c8e95-7911-4e4f-ac00-94b481777fae,85,FALSE,51
dc09d6fb-3200-4055-a6e0-0a5a0cb31213,83,FALSE,40
6615e382-974f-404f-a699-912cc07bcaf9,95,TRUE,126
23c72eee-8c99-4a8b-b91b-eff8073cfbb2,94,TRUE,107
aff4b1e9-4318-47fc-b899-53cbaf5575fc,94,TRUE,120
204d426f-4c80-4e4b-be54-b09224610f43,93,TRUE,114
925ea524-2ee3-4dce-871c-08a516fd169b,93,TRUE,104
75b6c978-af4a-4499-b6af-27f14389bda3,89,TRUE,62
4a388fda-c019-49eb-be38-1a49b20955cf,89,TRUE,111
6af9986a-a90c-405c-a68b-78037903d7e0,88,TRUE,50
821ae246-2f57-45e8-bf20-d10245989125,87,TRUE,74
efc5c246-2ea3-44a3-818b-36e546d8d041,86,TRUE,81
01e2e3d0-4c68-4a1e-8dc3-ee2281abe997,86,FALSE,68
3831a30f-ee6e-43d8-a06b-e5b246029cf6,85,TRUE,61
89eb0961-9ff5-4cc5-a53b-f8bd49c6d8f6,83,TRUE,31
5a28821a-b992-4238-a4f9-fdb9eab23617,78,FALSE,27
f4c329fe-b1dc-4117-aeb2-b46e5f98025f,74,FALSE,24
261243bd-4ef0-4b11-a9cc-cb21280500ca,53,FALSE,0
037030e7-0fa0-4860-b278-62270a8e2aba,49,FALSE,0
451e57f9-abbd-46a2-8865-56c98b469b77,15,FALSE,0
5a718f8f-e488-4927-803d-ffe1439db93d,16,FALSE,0
9f07e8fc-4fd1-4eab-aa31-021621c32507,87,TRUE,82
905090af-ad55-4e12-aa10-15780e9cc7ae,96,TRUE,91
2d7852ab-a05f-4f25-934d-acfe70020f22,94,TRUE,108
4429b59c-c1fe-4710-a36b-10c582acfab9,94,TRUE,116
61431921-8639-4cc6-9f57-fa21d8f950c1,93,TRUE,106
f33a5509-fa6f-49d7-926f-ed17ad85b72f,92,TRUE,49
66862551-2d3b-403d-8805-4d5826699c39,92,TRUE,108
ea616aa1-2fec-4345-8334-bf83eda409d7,91,TRUE,99
dfd959bb-01af-4b0e-8efa-1aa3076fbf2b,90,TRUE,73
e65bf67f-17d8-4948-a619-60f1f5ba9130,89,TRUE,70
72aa4d39-da6b-4b7e-ba62-6abd6021ecdd,89,TRUE,79
a2c5bb5a-9a4c-40b0-865d-dc4a6590cf62,88,TRUE,45
0a354a3d-e66d-4dfc-8f93-c8e49601217e,87,TRUE,58
ac4341c3-90bb-4f51-b1f5-200f0db46c62,85,TRUE,5
4793cf19-1983-4cd6-b03d-bb90e1a97bd9,83,TRUE,25
06222479-a315-47c3-a4cc-77a2afdcbc12,84,TRUE,38
f6138ff2-1a33-4442-8ab0-29f4c3f5a3b7,82,TRUE,15
8dff830b-8f60-42df-a343-4b0bfd7fe468,74,FALSE,1
ddefe6ed-c9be-490a-a154-ae427a64346e,73,FALSE,10
b4c0eaa0-e5cf-44df-8959-6e20c617f592,95,TRUE,125
d8c9888f-79fb-44ca-b55f-7294c7793b5d,94,TRUE,124
0ec0863d-a51e-4d3b-bd50-b7405561466b,94,TRUE,111
b73bc5cb-a61b-4a29-9409-e7f15a6cbdbd,93,TRUE,109
2f43ac92-043f-48fa-9f89-c1970a265691,92,TRUE,85
e0ba94e1-9f39-4872-a99a-43b954cd3dac,93,TRUE,106
8ca4a105-3129-47ea-b09a-a85145625537,91,TRUE,75
f7ac6cbd-f8f0-48c9-98c7-f6c1f9fa380d,91,TRUE,104
3e2bfec1-eea0-4e6f-ba98-33c80785b72d,91,TRUE,104
a43ba65f-75be-472d-9a28-fc0147b96682,90,TRUE,80
3856685e-1cc3-4ad3-9dda-b398099f6195,90,TRUE,88
ca11eeb7-9ede-4c7c-beab-994fa9649bdb,89,TRUE,80
2ed23e2b-745d-4635-98fd-1f8a25dfd7b8,85,TRUE,0
a9793c52-41fb-4c41-87c5-f7432c4dd65f,87,TRUE,84
01befd06-f9d4-485b-9cec-cca349f40b70,73,FALSE,4
4e74e69c-fc7c-49e7-a8d9-98c39353767e,95,TRUE,123
af48bfd7-075f-4269-9c17-4280f5332175,93,TRUE,110
f4ec41d0-83d0-457c-bc28-3c2150515690,92,TRUE,120
52ee067b-923c-48e0-91e6-6382f22a0569,92,TRUE,108
bf1e36b1-ce1d-4219-ab4f-cfef9a93f013,91,TRUE,97
ca57bc7f-6b7f-4d2b-92eb-2c5c911faad0,90,TRUE,69
918ce589-66de-4c64-b490-906755cccfcd,90,TRUE,75
96c3264b-5885-49c6-b48a-bf1c8d77f3ea,87,TRUE,70
7e9cdfc7-5e20-48d6-b328-d6b220cd156f,87,TRUE,51
bac1fa81-b0b3-414e-ad65-7dc2e68fea03,87,TRUE,72
ae757eca-1684-4027-9d02-f2451f80fff0,87,TRUE,52
7990e1fb-57e4-495c-8f63-7c9915d13a1e,85,TRUE,43
95693e2d-496d-48e7-b793-c18d0488b0d4,83,TRUE,63
fa041c2c-9b12-4d88-94e2-64df9d463af2,83,TRUE,33
e88538dd-3834-4076-b32e-69cdc4ede7bb,82,TRUE,28
a0b464af-6351-41ad-8274-f2708b413914,73,FALSE,16
840dffb9-b7a8-4c49-a19f-7e099c9cca79,91,FALSE,86
85275e1f-a3f9-40c7-b06d-9890bdc95d69,43,FALSE,0
f79e61f1-9a0f-4fad-bd5a-ddc78e31a902,17,FALSE,0
1fdecb0b-a626-489b-a455-97606069dcd9,10,FALSE,0
4c6d9fa5-e435-4bc0-8d12-ad0b16f47cff,6,FALSE,0
86caea3c-a788-43c3-8f84-65858e423d67,4,FALSE,0
62fd6175-8b7d-46e9-ac81-90041f5963ef,93,TRUE,114
8dcf8ecb-d50d-40e8-ab3a-f854e2f4b908,92,TRUE,87
68e882f3-6618-4746-92c2-e0fe93da8b39,92,TRUE,99
026abad0-3ae4-4433-94df-075d90ad7bac,90,TRUE,91
8cc5718e-459c-46d2-ac8a-799055deeb16,90,TRUE,80
eee0d5be-f8b5-434e-accb-ed4e4f5b208b,89,TRUE,0
43a38285-5a05-4863-a19b-ab6272045e75,89,FALSE,70
21bfdcd3-8408-46be-9c28-c4bea2ddcec4,85,TRUE,63
074260d8-2680-4de7-926c-1442df043aa4,84,FALSE,35
00ef8d1e-d77d-4d52-be18-209ace11065f,84,TRUE,55
ead2dd3d-e553-4778-a433-14591b8f3f93,83,TRUE,35
909e2101-48d5-4fb5-8ade-fe42a1cda458,83,FALSE,27
e355d060-80fd-4344-998a-72dfa64e73ea,76,FALSE,18
2acf4080-cff2-4ee5-96fb-4058f604fc89,74,TRUE,11
ed9d452d-13af-45fc-a7c2-f58ac4285b8c,14,FALSE,0
b86ad4dc-a6b8-451b-8c2c-cc483233beb8,72,FALSE,9
5b63cfd7-1569-4193-a623-caf078012cab,90,TRUE,100
b37cbc7b-a373-4649-b755-758fbaf353de,65,FALSE,0
06fff1c0-55e5-4977-a79c-40c07d979de8,37,FALSE,0
a1f66a99-9577-4f2d-af08-31d12d482523,23,FALSE,0
25281c1f-d982-4748-acb0-5944c2e079a4,15,FALSE,0
1fee418a-1f5d-402a-9bd6-127a26d70f16,10,FALSE,0
f6ddb248-60f4-40d6-9624-924084891615,6,FALSE,0
f6737fcb-10ad-45fc-84a9-0b6c8d708435,91,TRUE,77
15b064c9-3398-4214-b0d5-2503ac7bbb62,95,TRUE,46
a010cf9d-1aba-4f0e-a2a4-aab1bb32ccb6,91,TRUE,124
6e8e8f5c-47a6-43e0-87d6-70e40831abdc,90,TRUE,110
507cca40-5bc9-4b5b-87b8-bbeb0967b44b,90,TRUE,80
8ee30b5f-530d-42ad-8980-51210c026536,90,TRUE,54
d8645b65-9591-4d4e-bc56-63186c520c3d,90,TRUE,66
ba53e567-3818-4e0d-b23b-fb53e5667f6f,85,TRUE,60
5a4a1a14-13b4-475b-ac56-277d3c0c8f35,85,TRUE,47
3a2826d3-8b60-4c39-a6d9-568e514de274,84,TRUE,37
127dfa06-0eee-4014-aab1-c5d07e3dc5a0,74,FALSE,11
83b4c25e-da81-445e-9a8f-9769bf8cb421,64,FALSE,0
037a0878-2a7d-4a10-85d3-a4dcf6e630f6,61,FALSE,0
851c5280-27d1-43bf-bc10-5a0b1b0ee28a,44,FALSE,0
a9f251f9-b805-49c9-812d-f899b57cc90f,35,FALSE,0
3951cfb6-399e-4290-beec-5b3a2d73b193,10,FALSE,0
39aca041-7918-4af3-8b91-dc3d5d614ed3,7,FALSE,0
89c50206-74b9-4b0f-8c5d-f32a7303668f,8,FALSE,0
d1a7ff1d-2e3d-4575-8a6c-f3e1556ee179,95,TRUE,124
a9c13cd0-4efb-4b8b-9fc6-005c44e05996,92,TRUE,100
4cab3791-bfd0-4c6b-bbdd-22f1336dfeb7,91,TRUE,116
d7d2e298-2f2f-4240-bcee-cb15919f1b2d,88,TRUE,60
8b0470dd-e416-43de-a64b-4253c7798f43,87,TRUE,85
3b6c8bd1-3f9e-464b-a2b7-99338cb6eb8b,94,TRUE,103
e0256b54-bd04-4fc2-a02f-b3877259805b,90,TRUE,78
b7914767-faa2-4e81-a286-1b0500568b5e,88,TRUE,75
d62e67de-8e73-4ab2-8bb7-8a2ccd459c1f,87,TRUE,23
e3f621ee-40fa-4e37-86bc-5c08cd21866c,85,TRUE,47
eb9735ed-ab8d-4aea-b99f-a51f1f7a1184,83,TRUE,13
4afdd262-ab96-4023-af30-e860e99b582d,96,TRUE,123
c67aefbc-521e-49dc-8d04-b054e672210d,93,TRUE,105
f7ce3c80-735e-431a-9472-a0699747e9de,84,TRUE,64
02a3e111-3a27-4e5e-8e5b-977ea70f0d87,95,TRUE,116
8340a0e5-ceeb-4238-af0d-f52627d96e14,95,TRUE,116
ac2d5097-392c-4553-9397-94a36f8cdcd4,94,TRUE,127
b5435b53-5a13-46fd-8cf8-0b7c08fa5cf9,93,TRUE,108
1b1db3b7-ff56-436c-9a45-7515f8f405c9,92,TRUE,112
92dd232d-bd0b-4f44-8199-5e196d1421df,92,TRUE,108
70365b92-6f5c-4db4-8d02-024314984c40,92,TRUE,51
e0d45b38-f7d5-4c41-9678-bdcd24c382a7,90,TRUE,27
02f70b19-10ae-4d44-8b7f-5a0dca43d03a,90,TRUE,78
48e697a4-5c41-45dc-a687-8de3ffa6cfff,90,TRUE,103
8fced3c7-2072-4b20-bd83-95a1c34b1bcc,89,TRUE,79
577ffe30-b364-47e1-bfcb-060191001259,89,TRUE,81
9f0c6956-972d-43c5-8ce9-cd0ce972f2eb,87,TRUE,62
567f1b80-91be-458e-97ca-ee08fbcf0617,87,TRUE,70
2f270bb5-7d3f-4431-b55e-e2880403971c,93,TRUE,122
bb1293c8-97ee-4345-b05e-ae7aa2adb9e0,93,TRUE,113
4cbd4bda-60e0-4ce5-ae81-d4897fb5220b,93,TRUE,122
cb8469b0-99a1-442e-a376-2206fb94ae05,93,TRUE,107
159a8e68-20a8-4261-9b2a-e428349c0432,91,TRUE,101
90bc8128-0562-48db-9043-ef38f54c740a,91,TRUE,112
47a32de3-2fe9-4d8e-966c-4824fc3ad90e,90,TRUE,77
b0dfba35-5484-41d8-a17e-29890f6f4e4c,90,TRUE,97
e34858ef-82ad-45cc-9de7-cf2835d8d397,89,TRUE,48
993d6c62-ae2e-43de-aaa8-19738507e4ca,89,TRUE,40
32e7ab6f-64aa-47b8-8c7d-7605e95d6045,88,TRUE,72
569a7554-5ad7-439b-a07a-72105eab3a22,88,TRUE,64
ab8596dd-8940-41ea-a73d-8f9fc3beefde,87,TRUE,58
896b15ba-ce9c-4e43-8f32-96a9aec8d06e,86,TRUE,66
6ed37c56-6841-4257-8614-628c9e90c91e,86,TRUE,59
8180edec-935b-48ca-a46e-4142a36c1aae,83,TRUE,21
2503324f-98d4-43b4-af10-146c23a8ac10,96,TRUE,126
c7106d0b-fb92-4811-9d80-1421598f8884,96,TRUE,120
ba86c3dd-8ed6-41ac-9b9c-28c079e4896b,95,TRUE,69
a57ff46d-40c1-4032-b179-82bb57311d05,93,TRUE,113
ec64dbd5-0850-4bba-9246-df2cb8558542,93,TRUE,90
055fc472-b266-4b4d-b435-e4846683a6ff,92,TRUE,114
1aa7a3da-544d-4061-a92e-fa08f95b0ab1,91,TRUE,82
5b46d76d-fc09-4b19-a8aa-9422c81781af,91,TRUE,115
495d7853-60ab-4057-b7b9-734e8f9647a2,91,TRUE,109
23a210e2-0c0a-42d4-84e4-6cdc421bb760,90,TRUE,105
869f3cdb-97fe-4cc6-be0e-d98cf40d3032,89,TRUE,62
4207a4ef-f27a-4a7c-8413-ff60729b280b,89,TRUE,81
f624cc3b-cc89-4de2-b10a-6a4d9fb3d062,88,TRUE,73
a3aeed2e-7c25-4e55-be99-e7adb2fbb42f,88,TRUE,76
d0e7365b-d56d-4a16-9b9f-1bd816b77b66,83,TRUE,24
549306f5-e0bf-4d90-9051-6a6d6c66f39e,82,FALSE,22
14161220-e8a4-4510-9306-969ad250a171,81,FALSE,48
e09606ac-52ee-441d-aeb7-0dd5b0d95cbc,80,TRUE,23
a450fe94-6601-425b-ae69-262b44c90294,76,TRUE,3
6550f733-8a96-4444-8162-546a144375a4,78,FALSE,27
0294a0f4-0bfc-442b-9e34-c25cb65a1fa5,78,TRUE,50
ac90b7d6-c04b-409b-9a40-f976e30cb08f,75,FALSE,16
dc1fe2a0-931a-4d12-bbe7-2ee8be216b83,73,FALSE,7
70ba9042-a04c-4f3f-8b47-f49571ce854b,71,FALSE,1
4c70d67f-f7ec-49ce-901b-15a500d02da5,32,FALSE,0
f8d2cca6-072c-4caa-a5df-51d74313d7ba,92,TRUE,56
df45e960-6e7f-4986-8ba6-14f5ab23ec12,91,TRUE,64
569f4e36-d79b-4a26-ad97-f378399c8320,91,TRUE,101
1d59c421-b791-425b-9225-66213c058634,95,TRUE,0
b29bcc69-142d-493c-a021-d959ae1965ac,94,TRUE,118
338c6054-ec08-4a42-9d99-308c7a253cbb,91,TRUE,121
fe271f43-d82f-4166-ae3d-a8d483c2cbcc,90,TRUE,73
7fc82b88-3202-4e09-9020-8da72bed806e,90,TRUE,108
4273fe5b-f2fc-4e02-ac8e-25673acdec2d,88,TRUE,30
52c574bc-e6d8-4aa9-b096-318966aeb720,86,TRUE,43
65177a94-7474-466e-be2a-fc1802fb040f,77,FALSE,30
521ef3b4-f5e7-4ccf-8e20-636b16f9251d,71,FALSE,1
fb3f9e59-eb11-4425-9726-136d036eec9c,67,FALSE,0
9ce55ad5-beed-42ac-8431-b3f159a3f5c6,67,FALSE,1
d063cb32-fb6f-46ce-a014-f032868e39a6,46,FALSE,0
5c9e0289-6ef2-42ff-979c-f9e96b823957,84,TRUE,50
efa9d5d4-122f-43fe-8c94-1ff0ba4fa777,2,FALSE,0
dcca5b47-dc0c-466c-8de7-38ec108d5f69,94,TRUE,123
27c50a81-b490-4794-a196-c4edb32d5635,4,FALSE,0
d05ef314-2a92-4c63-9481-51d6718ef8ab,93,TRUE,94
aa6c4a1d-9cb1-441a-b94d-7cba6727e8a6,93,TRUE,97
8e56a382-e01a-4736-a327-1bf72122bd55,93,TRUE,103
c3e7fd9e-bd23-468c-b9c0-f9be55a86523,90,TRUE,76
55360dc2-3190-415c-8cab-b04b1dd1643f,90,TRUE,76
856abe2f-d88b-4e4f-9571-7e0eca60aaf4,90,TRUE,98
2d5e452b-298b-4d96-b331-170280f54c7d,89,TRUE,70
de4afc28-21b4-4084-928b-0cc0aa8b9ea9,88,TRUE,3
ca381813-9dc7-48e5-8953-5f0713790be2,87,TRUE,47
5e527083-5f2e-41cd-ad8a-0268e39498d5,86,TRUE,35
63e21061-7b96-4dc6-8af7-2f4acac56a83,82,TRUE,50
8e44639f-d271-4261-bafe-aad083632261,80,TRUE,15
f02d1ef8-9da4-48d2-9356-c64c8baa095e,78,FALSE,36
8ed7a744-d8d1-43ca-947e-7795b3ddd7bf,70,FALSE,2
73f9c34d-eed2-4c0e-a74c-83c88d12e78f,45,FALSE,0
eaf2dbd3-ba43-448e-b732-32a966eadd44,10,FALSE,0
3b6c8c86-3738-4839-a859-7136ffad2a9b,89,TRUE,92
4d5da9a6-2f78-435f-9a09-ad78b78e887a,82,FALSE,32
8ed171b9-60d3-47d0-b8b5-541353372df6,90,TRUE,106
5e79ffbf-03a7-4954-baa4-d16a12de4ef3,87,TRUE,79
b9557245-c9a4-47a0-8a2f-08be8abc6b2d,95,TRUE,114
17ae5fe5-cf05-4a84-8c99-dd3f194d3d4f,93,TRUE,106
ab657bb1-0b66-4f33-9403-f0fbcfb8d6c1,93,TRUE,87
e6c70e45-7869-4d04-b7c2-eef5459671ca,91,TRUE,51
f2fb7e0e-78c1-4be5-a3c3-92960c502b4f,88,TRUE,72
f91bfb0a-f593-4091-857c-648c5276bc6c,87,TRUE,100
fe8b14da-c445-49bd-9435-d810c36a3917,85,TRUE,30
b0d6bcb4-33bb-42b2-b0e6-fb7c4ab9f907,84,TRUE,49
f0114043-f520-4f3e-8983-b60171781280,82,TRUE,16
3a465d8a-ff00-402f-b49a-7b2fdf5dada1,81,TRUE,37
cd4a5784-3380-4ebe-94d1-1a79d129b7c2,82,TRUE,34
f5060079-b25f-4d9b-a879-771c06932dce,81,TRUE,33
1b205b8a-6f59-40ef-b05c-d6e5efd64d20,80,FALSE,7
cb443ac6-857f-4fb8-b0d9-20f35a77b606,66,FALSE,0
74f2d1b7-6adb-4f6b-834b-e5f6cca0ad8f,33,FALSE,0
b2e33a2e-2777-4214-9b00-772911362e2d,21,FALSE,0
e1c90d17-906d-4d26-9622-91cb88576011,35,FALSE,0
656e9d5e-f3d9-4ad9-a470-e31d4dfa8451,21,FALSE,0
f3fd5e2d-c6f4-431f-b2fa-f789f41898f3,95,TRUE,77
827ff4b8-26cd-4d04-853c-7001753ae947,92,TRUE,93
208d30ba-d775-4c47-b63b-56057dbb3a71,92,TRUE,96
970e373f-ec38-4cf3-8b55-91d860363203,4,FALSE,0
889cad20-4e47-4403-9303-be6729ddb8d5,83,TRUE,64
04e30160-1b10-4a9d-ae33-6f64843d08c8,94,TRUE,126
5d3d0f60-c48f-4c9a-9ba8-74fe57fea194,94,TRUE,125
12998ad2-8b41-4ff0-8384-26a41ba0d053,93,TRUE,105
e31bc776-452d-4b90-b002-eb329185544f,93,TRUE,110
92b2eb17-c9c6-4ecd-bb56-dec08e9fadf2,92,TRUE,100
7b7a7633-3c23-4e88-935d-6455d7793134,92,TRUE,65
fd446f9f-644d-41d7-ba99-0a00b9f281d8,92,TRUE,91
d6e38ca3-2ab2-46e4-9dc5-2eb4371b5afe,91,TRUE,99
d21961d6-81d4-4591-b5f4-6464a62099ea,90,TRUE,103
450b490d-0cd4-41aa-b99a-2db8a7a2c833,90,TRUE,91
a8e76a2b-488a-4053-9449-c3add2e1372b,90,TRUE,104
711b15a1-b131-430b-a145-ee15685d512f,89,TRUE,73
128c5270-54ca-4929-b929-ecb7fdac192f,89,TRUE,87
629168b5-5888-4118-99a7-096e4a3d7e0d,89,TRUE,74
3ae82855-f2ae-41d2-9eec-c2ee3bac3ffa,87,TRUE,54
0a89d4bc-2573-4536-bfe1-f2b80305c001,86,TRUE,66
9688e6fd-6137-4b42-8ca1-935ac87f9463,84,FALSE,30
81718bb9-d30f-4982-a4a8-d030689586c3,82,TRUE,10
6b5bdb60-0146-4e0b-9a58-ec2e8378494e,82,TRUE,27
e901b859-eef0-4e75-a0bc-16a5ca111d05,80,FALSE,30
793fc604-338e-4256-aa75-e634731872ad,51,FALSE,0
1943b539-588c-4ecc-8872-70ee2a67f178,95,TRUE,120
536b9b0a-fb85-4030-bae1-5d53da76a9c0,93,TRUE,105
8312c767-301f-4333-b9e4-c5a836f23ea6,92,TRUE,72
d61c21e2-7dca-4edd-95df-89483c90d163,88,TRUE,67
977e9bb7-e9ac-4fe8-898c-b8a56b5f599f,88,TRUE,68
1196c1c0-7307-4376-9ab1-b095c0bd6f52,87,TRUE,50
0c37b470-195f-4729-bb0c-78dc83ee3358,86,TRUE,50
75daeeb7-c89d-4acb-b59e-f115938476f8,86,TRUE,66
753f6ce4-c254-44d4-acc1-581c3c5c053c,85,TRUE,68
1191e360-de17-4dbf-98bc-12484fe94cc9,85,TRUE,64
ab74cf31-432b-49e2-bb5f-4661176c9ab1,81,TRUE,24
696407d2-1c03-4795-9275-2f0f6b1beb82,81,TRUE,38
fbb0ab24-6bde-40fc-8d9a-6edb15ad41a5,80,TRUE,11
046a7e11-0b0c-4f1c-92bd-f4b609ae546a,74,FALSE,38
405e2e3b-12a5-48fb-9641-e811509dba2f,60,FALSE,0
df11412f-13de-442c-b1b4-6084d997cf16,95,TRUE,103
a46e5774-1247-4ffd-a47f-fe040212739a,93,TRUE,106
4c1679c2-49aa-4082-83fc-52ded1433ccb,93,TRUE,102
3961401c-b8fc-43d4-a08b-07aa69ae2b0b,93,TRUE,86
9f103afe-19ea-4a3e-ad05-3604cddf6cdb,91,TRUE,71
e9a3d01f-d9b1-4b9c-8e9e-8dad6dc57249,90,TRUE,101
be8e31be-081a-44cc-8c6b-a513a331c7a7,90,TRUE,75
4ce8467e-1a36-4c7f-8223-930dfb5e6117,90,TRUE,62
7bb2d9bb-fcf3-4f7e-b701-628e91099841,86,TRUE,68
28ed75c2-cadc-481f-9496-add61e710920,84,TRUE,59
678920b6-5972-4bb9-a653-66b5f6f9eb99,83,FALSE,40
08ea2115-1d2a-4f9a-9ece-4b9762ece1b7,82,TRUE,38
7bcdde07-8334-4d02-9097-868fab35a82e,81,TRUE,56
d4c66555-94a7-4a11-b963-0d8cda291e9d,70,FALSE,9
6389d3d4-abf9-46eb-9188-2d8e99267e45,69,FALSE,0
5e0130b9-3b2b-435a-a968-443b2c4ee5f8,68,FALSE,0
789bac08-a6e0-4271-ac90-2567a600c28c,92,TRUE,113
af70a46d-0546-4566-ada6-875c6e73b573,2,FALSE,0
b5994cab-df4c-4a70-899f-5fdc9590cd95,43,FALSE,0
eebe40a6-5dbe-41c3-82cb-acab4ea2b16f,94,TRUE,110
4f0301bd-1d28-4506-8fd4-5741de4de307,93,TRUE,114
6fbc6c6e-5e68-4db8-97c8-a90f4b797cac,92,TRUE,101
f0ca6d0a-03a9-45d9-9c79-ce946b2b3fe3,90,TRUE,91
d075bf0b-cc03-4b32-9485-1e26e2b23f59,90,TRUE,47
53ff5a79-4f08-4d53-8bdf-abb811117ca8,93,TRUE,95
7ee21041-3ca8-499a-9e35-77d3cbaf0541,87,TRUE,72
df80897c-8b7c-4b0b-9ec8-f0f9932ac8a8,86,TRUE,1
7c8f9601-ed9d-4792-a68a-449daa417458,86,TRUE,60
2ddd4d0e-2f92-4eb2-a117-6e905cf7d6b7,85,TRUE,86
40da1074-ff86-48d9-a591-666194cbc9cf,81,FALSE,12
b0b6910f-0f0d-4023-8a67-f56f89ce5570,80,FALSE,14
ec005416-a3fe-481b-b908-9e5c7140ca27,81,FALSE,28
8a3ed4ad-ac2c-4ff8-a51b-87b3db63baed,79,FALSE,41
cb815ae2-0e95-4fe4-8440-d1b2b3e1a31b,71,FALSE,6
72289fdf-e1ec-436d-8b84-4cf191e31b2c,48,FALSE,0
49787a79-889b-4bf3-9f9c-191f48dde6d4,35,FALSE,0
941ed546-2fce-4fb9-8aac-c36ee44ad023,9,FALSE,0
e6b2d11b-1c83-4e7d-96d4-ae62bbf32eb7,3,FALSE,0
f93b3247-43a6-4efc-8825-58d969344e7f,94,TRUE,116
fbe4f2d0-04e2-441e-b6e4-aa9f9f4f9552,81,FALSE,41
0b530a93-f943-4d15-94df-be010aeccca0,95,TRUE,121
02749587-f0b9-4a64-a9fc-28734d6921fc,94,TRUE,112
75316217-31e3-4641-8159-ef0919aa8832,91,TRUE,73
0f28500c-bf10-40f4-947f-8c125628fcfa,91,TRUE,73
ba5c383e-7d65-4473-a3e4-bf3b66a9cf94,63,FALSE,0
5be96d78-e3e1-47de-b44f-e790058b4696,87,TRUE,63
94254deb-1170-4e87-bf86-77eeb0bfe2c6,87,TRUE,53
cfc43657-2b3a-4839-9748-0e1e625eb42b,83,TRUE,14
9ea9cdb9-cccb-4c33-a451-396ebfa6b041,83,TRUE,28
f03a98b3-747b-4dcc-87db-3c5fb4d4aa56,81,FALSE,21
6352bbd4-3432-4fc1-ad9a-8f5fe8a0174c,77,FALSE,15
96d7b6b7-cf9f-4f71-822a-4d7b1820e15f,76,FALSE,7
5609699b-d8e3-4cf4-abe7-2ea036ce58c5,46,FALSE,0
07f49ae0-d1ce-4ce9-a712-35a2da0ee2c4,35,FALSE,0
906e91fe-e0f3-4ce3-9b5c-4664a29f16b7,41,FALSE,0
0bd3be00-5f6f-4d4f-acce-6e31400b65eb,20,FALSE,0
f34ec8d0-6047-475b-bfe6-7de0e6c025f5,25,FALSE,0
2606937c-6624-4190-a593-6c936e4c23f8,5,FALSE,0
ad6ea4cf-69c2-487f-a6c8-007ba63b6a64,16,FALSE,0
33923412-fc33-4168-b8e2-da83d1426d12,91,TRUE,84
2b692dbf-9532-4ddc-9624-b53104246cb4,97,TRUE,124
6ba7c57f-308a-45e4-b62d-f54fc678e1ba,97,TRUE,121
6861d50c-4f63-4b8f-aa34-b4cc7b6ece52,95,TRUE,0
0ee21e1b-4a7b-4b84-90e4-a1b2815fc6f9,94,TRUE,104
8e91e40b-e56b-4b3d-b312-a212ec98fb67,94,TRUE,93
d4a46811-820c-4b9a-8db6-614cd0bd77ab,92,TRUE,120
7a836fd8-60db-4553-a7ca-89a61de628a5,82,TRUE,30
000e1f4e-191d-4fa3-88ab-1a4c484ec26a,97,TRUE,119
174b3f7c-7b68-48c0-985a-214c1795436b,96,TRUE,104
d6ebb123-d1b8-4100-b8dc-6165d343106a,95,TRUE,127
0cd01585-dac7-4636-ad69-9c08714e35e0,94,TRUE,70
31efd39f-2dea-46c0-939b-a2d424a2f87c,94,TRUE,1
398b16e4-8132-41f3-a3b4-881a712b4995,94,TRUE,115
90b503d0-db51-4676-83b9-a5fcc9e1bb8b,94,TRUE,116
8c471c07-f3c5-4623-8a88-65515759c8a6,94,TRUE,128
da247252-8496-483a-8350-09c6c69d3397,82,TRUE,27
5771aa5b-f754-4fea-88f4-2dfd43d8fa05,97,TRUE,122
ef9320de-3359-40cd-b597-d737a7125968,96,TRUE,130
1fc2bcea-6b4b-4e9a-8c32-248599e2d06c,95,TRUE,119
caa6233f-b5f1-4c73-8e32-ce3ab7de9356,95,TRUE,124
87223ddf-f5b9-4a0a-a8e0-3e9899a77d49,94,TRUE,120
af597c7a-4fe8-41c5-a34c-0195137bc382,94,TRUE,84
4621d290-46f2-47bf-81b8-6997344e0d3a,93,TRUE,119
f8fe471d-9846-42eb-9b68-d27e5ee5a4b1,93,TRUE,67
d6593a1e-69ec-47b2-8004-8e7dad13ea56,93,TRUE,118
e1795e5c-26d6-4487-b71e-f1cef98b170e,93,TRUE,122
00f216fd-d8b4-4854-9847-ae524967bf43,80,FALSE,17
a4f5a2b0-7d03-4fd6-a40e-891fc375db18,98,TRUE,124
4a54361d-4783-45e0-aad2-ef55fca97f40,96,TRUE,82
3c050f32-9fab-4aa2-8047-47ef5493238c,94,TRUE,122
57507df4-11ab-4776-9925-850e5230ceeb,92,TRUE,114
605c4d89-589b-4768-a035-7ddfdbf6d109,92,TRUE,75
f7acb262-f56e-4d3e-924a-bbbfd6e83f21,91,TRUE,107
ed3917ff-430c-497d-af6c-039938d066d4,91,TRUE,102
c64af0a7-faee-4230-870b-16bd519fb726,91,FALSE,2
be690844-7cbe-4c8c-944f-2445a01eabc0,90,TRUE,74
b6b0ec6a-e6e0-4c50-a21b-03bd27fc6f4e,90,TRUE,41
5eee192e-df07-4e2e-978a-09e1580e7931,89,TRUE,58
cd3efab7-3f9c-4bbb-bf84-ef8c00600f67,89,TRUE,73
cb7740dc-101c-4833-99e8-a80bc8bd93b6,87,TRUE,61
33f15499-d760-4f2c-a8f5-da55d8de4dd5,86,TRUE,59
d90ef8dc-02c2-46ce-97f3-6d0325d23c87,83,TRUE,46
a6304fe3-9aad-4b02-a3cc-6dbea0f86401,89,TRUE,57
4c41a5b9-bc0e-4f0b-b42d-4bddabda9d12,81,FALSE,24
eb9fc2ed-0843-407b-afdc-307480fc7c9c,61,FALSE,0
278c4fe9-7a20-4f9b-a52f-51eb8b367102,48,FALSE,0
8e24ba18-586c-463d-9e89-0c42dd79063b,84,TRUE,57
f63d2880-62a4-462d-8062-abe25518f41a,2,FALSE,0
ac8312d0-a9ab-4456-be6a-64f7f619a607,93,TRUE,96
c09f17fa-3e66-48a1-bd98-e7e3a011cbb0,91,TRUE,122
b33b4f1b-904b-4efc-b3fa-2b8bcce7a4fc,84,FALSE,0
1a076e7f-f928-403b-bafb-ed3bce768398,77,TRUE,19
3ceb455e-3f4c-4f18-8b7b-51b8a85ca33d,92,TRUE,119
c4b04129-625b-4e94-9f7d-387adc68985c,95,TRUE,108
f51e4ea5-f739-4252-a762-a55d51c055af,95,TRUE,118
dbfab621-3463-4400-aaf8-63523207a89d,94,TRUE,122
608300bc-dd81-4d1b-9ec4-8cf923ca1e0f,94,TRUE,99
c532b8c4-68aa-4ac0-acd8-8f4f9e3d112e,90,TRUE,85
295b92d0-a555-48f4-9e3c-543910b7e36b,90,TRUE,66
4cc947c5-3cac-4919-a59f-aaee2ba3fafd,94,TRUE,121
d63283c9-8655-4fe7-9f91-55d1318f245b,90,TRUE,86
fb6aa099-d990-4c82-8f19-e1d7181d15a8,94,TRUE,123
dd8cf858-1afc-4914-b670-6ebbc3bfe645,90,TRUE,106
89931da4-aa47-49b7-acfd-92d05b0569c8,89,TRUE,79
2e88839a-c52d-4faf-ac8b-fa7943a3156c,89,TRUE,82
5294667d-dd9c-47ca-a89c-76bc1f7c86e0,85,TRUE,76
95d20382-ca27-4178-ac78-72ebb4975f71,83,TRUE,54
3abd042d-132c-4aac-be3c-884dbff518da,70,FALSE,4
b2e0f10b-0f18-4cd9-97a9-b9436b6fd80c,69,FALSE,0
6bd9cf6d-b3ec-4eb6-9be3-a18a0edaf44a,32,FALSE,0
a38e6e7b-dc15-4fe4-a3df-23f0c671c757,82,TRUE,45
84e24d7c-a4a7-4b70-ad28-cd874978c88f,95,TRUE,123
7bcb8dcf-2f59-482b-88b9-5febe22fddb4,95,TRUE,125
5c6a6a0b-bffe-4bea-bc3f-b4c4b01d2fdd,91,TRUE,99
2244c96d-e1e3-4097-990c-66ed4d079d96,91,TRUE,78
f16d23b9-5eca-4b71-9b99-cf388078fec9,91,TRUE,0
1b404818-5cca-4d05-b1b2-9c44b9f9b71e,90,FALSE,36
23fbac74-a98e-4800-b195-82bdec53c015,93,TRUE,121
54be61f7-6312-43af-b1f6-ce25beccdd0d,93,TRUE,104
e9313098-aed7-459c-9dd4-1086448f3564,93,TRUE,22
acd38675-35bd-4716-99d3-55ebb9f582e3,86,TRUE,63
65022c9d-c686-4ebd-ab2d-239af03b4c75,85,TRUE,51
8e37c90d-f3be-4f8c-88ce-6bbbe56da051,85,TRUE,63
ae98da5a-ffd3-496d-a389-03223da4dde1,72,FALSE,1
4cdf9965-ab1a-4fbf-989d-a6f71b1d6801,63,FALSE,0
ebf4c72c-e05e-44fc-9402-6857f33b0820,62,FALSE,0
4aa90ce3-b056-44fb-923e-7ff8ca83f250,50,FALSE,0
b37cb9b9-3159-48b4-b0ba-e64cbc16e2fa,47,FALSE,0
1c2fad90-6c1a-403b-8a0a-4d941cb92855,77,FALSE,0
2d4b6dcc-fbb9-47e7-896d-49e5462fa953,92,TRUE,80
76ca0bd4-50f3-408c-bcc8-f128cc813530,92,TRUE,125
554feca1-6654-4a60-ab93-ef092361ad3f,92,TRUE,87
c8a16cca-cc0a-4d46-bdac-2904486a362c,88,TRUE,76
da8247d9-e0f4-4dd3-a7fb-0222c41bc87b,86,TRUE,37
a3956472-fec7-4714-985b-cceb23ba4c1d,86,TRUE,92
b69d1e20-2711-4817-8714-44ca673735ff,86,TRUE,102
0017cf3b-7fb0-479b-a7e2-2efd5c067c50,84,TRUE,43
72508429-ecdc-4015-ab7d-a68471205f76,81,FALSE,21
ee52309d-9145-4057-9979-5b6cb43c0c3d,74,FALSE,14
37926285-2b7b-4ed5-b1c8-471bce2cb171,72,FALSE,6
e188af42-ff46-4f60-8ce3-014a7760bfeb,71,TRUE,0
e6b2e2d5-5723-4de5-a5e0-dbdb8b8d8c19,60,FALSE,0
6934395e-f9b4-4ecd-ab02-5029bf4dd1cf,96,TRUE,131
a4f1a5ae-241b-4b1f-9eac-494950273a2d,93,TRUE,108
c357acfc-64e1-49a2-96ce-850dfd6e730d,92,TRUE,108
dafeac25-ba6c-44ff-bb87-50d9b88446c5,91,TRUE,108
bae52ce2-27d5-4f0f-bbcd-730359c2f18d,88,TRUE,86
716b100a-69df-46d0-9046-a8a7795d2c9a,86,FALSE,63
eede03d2-be10-4b63-9839-0cb8bc62b864,85,TRUE,33
efb94f9d-870b-4bde-bb2d-61c0b504319e,84,TRUE,35
6077f370-0bcf-42f9-97f0-aacb59b82302,80,TRUE,21
d6f1e494-98d8-4ec8-ad2e-bf97e5775d10,80,FALSE,33
12f6d1ad-ee2b-48b3-839f-5e835ad819f2,84,FALSE,46
466f3387-bbe3-4632-9239-f142becd311d,92,TRUE,111
44653afc-58cf-49b1-a744-d38836ec2fe2,67,FALSE,0
45deb4b6-1a6f-4e22-b832-41fbc73802cb,59,FALSE,0
664d5c8b-cd28-4bf7-b820-5f3382b5080d,53,FALSE,0
15931e5c-f993-4795-97bb-b8edc29c8b8c,76,FALSE,28
2c46e0bc-371a-4403-afc3-64ab00db8233,93,TRUE,77
b51859ac-c02d-4014-9658-64fef526f27a,76,FALSE,0
c5383aa6-7def-4299-98a9-a1006f893ead,2,FALSE,0
d93ea115-5f89-43bb-a06d-75b9c68017ff,70,FALSE,0
8934a1c1-84cf-4b22-8102-325296d51099,84,TRUE,0
2aadc61f-4e88-4363-9281-e2d69726a99d,96,TRUE,129
1274b97d-44ae-4daf-808a-2f2678915529,94,TRUE,127
f037d15b-2f55-4335-a1ba-e9687cadb44a,93,TRUE,111
4465cbf0-1f8b-4c6b-b4cb-ff89a72f9a15,92,TRUE,85
4d258b40-4a4b-4afd-96ea-d97f488f8f33,90,TRUE,55
bf46a6df-185f-4a78-aaf3-d3fc1c354059,89,TRUE,71
91aa93ad-a476-4a61-9ef0-732b42d8a7e5,86,TRUE,62
eb951830-8f33-472b-b98f-a27616b48d19,85,TRUE,45
0bb3632d-ee68-4823-ada7-dfcb9bb89039,85,FALSE,58
121d5a05-67b2-4488-a7e0-a6dc1ebcc124,82,FALSE,48
75e254cb-1c42-4d58-b890-88e7403f1f5b,80,TRUE,35
ea3f839f-5f66-47a9-9fee-c071fb53539c,78,FALSE,0
ae978b39-b50b-4e20-b61d-03cb94b2ecd4,60,FALSE,0
c8cfd1f1-5b9a-4c57-b9c2-18ad30d0658d,95,TRUE,126
5e0ccf50-fcb7-4c02-a38c-bd8074364a5a,93,TRUE,84
70caf511-bca0-454f-884b-30cfa607d58e,92,TRUE,93
af63e7be-8a47-485d-a61e-2c3e8b77ff64,92,TRUE,104
8091f3af-6022-4330-a9aa-851a63c00981,91,TRUE,92
e597e83e-d874-4262-9f23-27912a76d16b,91,TRUE,98
23216475-23c2-4a63-8e32-61c668a6bae7,90,TRUE,83
1a6ac3c4-0469-4bce-9b0a-579087211578,89,TRUE,44
62c42d97-8314-4ba5-afb8-ec3c87fa8167,86,FALSE,39
f6aa0adf-4fd2-4add-8aa4-05de8e330dde,84,TRUE,44
414e672b-82df-44b5-aa6d-bb61daded54d,84,TRUE,29
6ac2e493-d32b-4b73-963f-697311f17df8,82,TRUE,48
3b8bd3c9-4d9e-49f4-9ac7-4b326f441cba,81,FALSE,37
d3fbefad-c2b7-484d-a98a-da5e0c6adcca,79,FALSE,19
394bf8c6-82ec-470b-b272-877a73694767,32,FALSE,0
2e3789cb-48ac-4b34-8e03-d53d338723fd,91,TRUE,78
a14b3c47-b6d0-44c6-977c-9677c8820315,83,TRUE,48
bb195c3e-cacd-4d28-9cc2-94c00ba65682,98,TRUE,104
fa7eda80-54fd-49bb-aa90-878c2e6399c6,95,TRUE,116
2e5aadfb-e12b-430d-bf48-e0af0347212b,93,TRUE,115
3b8ac0cd-5a3b-49cd-87b3-434b0ce79dcd,93,TRUE,124
376c54a0-8714-41d5-94ee-85f315e50744,92,TRUE,90
36eb8bc4-1361-4bfc-a0d5-9b3a0dbc0f2e,91,TRUE,90
8c920719-eefe-49d3-a769-f803eea94eb3,91,TRUE,79
e9377756-688b-45e5-9b6e-d49666fb3f1e,91,TRUE,112
07272179-8e2b-485e-8c43-49023590b7ad,90,TRUE,86
be7a2e30-dec8-4f03-bb3c-aca224295f56,90,TRUE,100
cc8462ca-bc9b-4f22-9396-1ac42195381c,90,TRUE,71
d168c62b-bc42-4722-bdb7-d274ec88c376,89,TRUE,86
bad09061-86af-4939-9daa-c704faac26b2,88,TRUE,62
aa022713-3b19-4040-b7d8-da5b2aec9cc9,86,TRUE,60
f15ae9a3-1391-46f3-9dc4-185e8ed64849,83,TRUE,35
9a6fae6c-72dd-4ae5-959d-0008c10496d0,76,TRUE,19
510951df-d095-418c-9c8b-7f651c6626d4,73,FALSE,2
988323a9-33f6-4169-a3dd-a9c3af2d4534,74,FALSE,14
405119cb-837d-477d-8f2d-e6c62d718c2a,90,TRUE,78
d4dd7b19-fc29-48eb-9211-a39a24ecae8a,97,TRUE,124
b95564b1-9ba8-4781-a4bc-498f6e9092bd,93,TRUE,77
60684bb7-be16-4214-8db0-eb09ea1ba320,93,TRUE,110
93c71953-0de2-4e36-8338-292adc3364fb,89,TRUE,84
f37c85cd-f911-43ea-b942-7da99ab0bc03,89,TRUE,75
439b9d08-707f-4293-8612-cd95c9d308fa,87,TRUE,67
a288b375-c28b-42d1-b93f-924fc39bd5c4,87,TRUE,69
6c8b91c5-d021-41aa-9918-fdc0f42592c2,85,TRUE,71
aee37b8c-bc9a-4e50-9665-3e8ac00c6c9f,85,TRUE,68
dc1187ee-faf3-464e-b6ba-e9c6ff2db72d,83,TRUE,52
13c86101-ad7a-438d-80f1-6020e049c557,81,TRUE,0
183b9086-0a30-4789-ba75-29f1781e8e07,82,FALSE,48
50b49794-de4c-4cd3-aac6-b4590db749f7,2,FALSE,0
a55d6d96-d1ff-41bc-a295-001aa4c71b9b,77,TRUE,11
38ec7591-dbb7-4c71-8848-b0cc575c9c00,76,FALSE,17
ea2ec9e5-d857-4f8b-9522-ec8b7aa96e2f,2,FALSE,0
33cdb4ec-baa1-4ab9-a475-f12083bad472,91,TRUE,81
5d0af7fd-977b-44cf-acfd-668ebcdd2fe8,91,TRUE,64
daa9f2bc-1a2c-4b2b-8ee0-f061ddcbb73e,25,FALSE,0
836c1ae5-805e-40e7-a18d-6698fa895514,89,TRUE,96
baec9059-9532-45b7-8279-b8066f32350e,2,FALSE,0
2eef964f-3cd0-4981-9d69-f2b54c5373ed,96,TRUE,124
e249f031-05ac-428d-ab9f-2282c0fafdf2,86,TRUE,76
9e6b2160-c824-4599-966b-779b8d0d4358,95,TRUE,100
0c8d568d-8688-42c8-bb53-b27f36109cb3,92,TRUE,112
0360d173-a0c0-4927-9eb2-23c1254d5104,86,TRUE,30
1b62943d-b155-4ab5-a891-b81e2f888c3c,84,TRUE,73
74153a16-db78-4782-a582-20bd0d74ea19,83,TRUE,27
44cf4fe2-da46-4b33-bc51-d80670de4c85,83,TRUE,70
f9a7dc36-8019-4800-91e1-d2bae99efb15,83,FALSE,30
1ebbb5ce-08f0-49ac-9149-ab9c2f237846,81,FALSE,27
25c393fd-79b2-46e9-92df-21a985a0fab5,80,FALSE,15
116b4a68-7257-43e3-a0af-9fe338d83bf4,73,FALSE,8
17b7b825-e04b-428a-91ad-537ea1204b52,22,FALSE,0
a1288788-a05c-4a4c-8f3f-f5f983623aba,72,FALSE,3
547f6a53-51c0-413b-b1ef-e54e8eb12178,91,TRUE,117